date,year,month,day_of_year,daily_deaths,excess_deaths,avg_temperature,heat_wave
2020-01-01,2020,1,1,1392,0,9.2,False
2020-01-02,2020,1,2,1391,0,9.4,False
2020-01-03,2020,1,3,1396,0,9.6,False
2020-01-04,2020,1,4,1455,0,9.8,False
2020-01-05,2020,1,5,1398,0,9.9,False
2020-01-06,2020,1,6,1302,0,10.1,False
2020-01-07,2020,1,7,1432,0,10.2,False
2020-01-08,2020,1,8,1391,0,10.4,False
2020-01-09,2020,1,9,1396,0,10.5,False
2020-01-10,2020,1,10,1421,0,10.6,False
2020-01-11,2020,1,11,1431,0,10.7,False
2020-01-12,2020,1,12,1499,0,10.8,False
2020-01-13,2020,1,13,1465,0,10.9,False
2020-01-14,2020,1,14,1428,0,10.9,False
2020-01-15,2020,1,15,1369,0,11.0,False
2020-01-16,2020,1,16,1351,0,11.0,False
2020-01-17,2020,1,17,1443,0,11.0,False
2020-01-18,2020,1,18,1521,0,11.0,False
2020-01-19,2020,1,19,1433,0,11.0,False
2020-01-20,2020,1,20,1424,0,11.0,False
2020-01-21,2020,1,21,1472,0,10.9,False
2020-01-22,2020,1,22,1332,0,10.9,False
2020-01-23,2020,1,23,1416,0,10.8,False
2020-01-24,2020,1,24,1476,0,10.7,False
2020-01-25,2020,1,25,1506,0,10.6,False
2020-01-26,2020,1,26,1428,0,10.5,False
2020-01-27,2020,1,27,1476,0,10.4,False
2020-01-28,2020,1,28,1469,0,10.2,False
2020-01-29,2020,1,29,1511,0,10.1,False
2020-01-30,2020,1,30,1375,0,9.9,False
2020-01-31,2020,1,31,1501,0,9.8,False
2020-02-01,2020,2,32,1351,0,9.6,False
2020-02-02,2020,2,33,1273,0,9.4,False
2020-02-03,2020,2,34,1423,0,9.2,False
2020-02-04,2020,2,35,1404,0,9.0,False
2020-02-05,2020,2,36,1539,0,8.8,False
2020-02-06,2020,2,37,1526,0,8.6,False
2020-02-07,2020,2,38,1390,0,8.4,False
2020-02-08,2020,2,39,1546,0,8.2,False
2020-02-09,2020,2,40,1412,0,8.0,False
2020-02-10,2020,2,41,1484,0,7.8,False
2020-02-11,2020,2,42,1471,0,7.6,False
2020-02-12,2020,2,43,1505,0,7.4,False
2020-02-13,2020,2,44,1562,0,7.2,False
2020-02-14,2020,2,45,1552,0,7.0,False
2020-02-15,2020,2,46,1534,0,6.8,False
2020-02-16,2020,2,47,1560,0,6.6,False
2020-02-17,2020,2,48,1551,0,6.4,False
2020-02-18,2020,2,49,1470,0,6.2,False
2020-02-19,2020,2,50,1467,0,6.1,False
2020-02-20,2020,2,51,1490,0,5.9,False
2020-02-21,2020,2,52,1567,0,5.8,False
2020-02-22,2020,2,53,1514,0,5.6,False
2020-02-23,2020,2,54,1716,0,5.5,False
2020-02-24,2020,2,55,1477,0,5.4,False
2020-02-25,2020,2,56,1460,0,5.3,False
2020-02-26,2020,2,57,1608,0,5.2,False
2020-02-27,2020,2,58,1663,0,5.1,False
2020-02-28,2020,2,59,1596,0,5.1,False
2020-02-29,2020,2,60,1625,0,5.0,False
2020-03-01,2020,3,61,1676,0,13.4,False
2020-03-02,2020,3,62,1561,0,13.5,False
2020-03-03,2020,3,63,1460,0,13.6,False
2020-03-04,2020,3,64,1534,0,13.6,False
2020-03-05,2020,3,65,1656,0,13.7,False
2020-03-06,2020,3,66,1470,0,13.8,False
2020-03-07,2020,3,67,1591,0,13.9,False
2020-03-08,2020,3,68,1613,0,14.0,False
2020-03-09,2020,3,69,1572,0,14.1,False
2020-03-10,2020,3,70,1659,0,14.1,False
2020-03-11,2020,3,71,1652,0,14.2,False
2020-03-12,2020,3,72,1797,0,14.3,False
2020-03-13,2020,3,73,1664,0,14.4,False
2020-03-14,2020,3,74,1569,0,14.5,False
2020-03-15,2020,3,75,1577,0,14.6,False
2020-03-16,2020,3,76,1559,0,14.7,False
2020-03-17,2020,3,77,1708,0,14.7,False
2020-03-18,2020,3,78,1589,0,14.8,False
2020-03-19,2020,3,79,1633,0,14.9,False
2020-03-20,2020,3,80,1705,0,15.0,False
2020-03-21,2020,3,81,1588,0,15.1,False
2020-03-22,2020,3,82,1628,0,15.2,False
2020-03-23,2020,3,83,1504,0,15.3,False
2020-03-24,2020,3,84,1571,0,15.3,False
2020-03-25,2020,3,85,1617,0,15.4,False
2020-03-26,2020,3,86,1704,0,15.5,False
2020-03-27,2020,3,87,1773,0,15.6,False
2020-03-28,2020,3,88,1676,0,15.7,False
2020-03-29,2020,3,89,1704,0,15.8,False
2020-03-30,2020,3,90,1700,0,15.9,False
2020-03-31,2020,3,91,1782,0,15.9,False
2020-04-01,2020,4,92,1770,0,16.0,False
2020-04-02,2020,4,93,1721,0,16.1,False
2020-04-03,2020,4,94,1616,0,16.2,False
2020-04-04,2020,4,95,1784,0,16.3,False
2020-04-05,2020,4,96,1743,0,16.4,False
2020-04-06,2020,4,97,1820,0,16.4,False
2020-04-07,2020,4,98,1716,0,16.5,False
2020-04-08,2020,4,99,1891,0,16.6,False
2020-04-09,2020,4,100,1696,0,16.7,False
2020-04-10,2020,4,101,1869,0,16.8,False
2020-04-11,2020,4,102,1745,0,16.8,False
2020-04-12,2020,4,103,1694,0,16.9,False
2020-04-13,2020,4,104,1644,0,17.0,False
2020-04-14,2020,4,105,1733,0,17.1,False
2020-04-15,2020,4,106,1875,0,17.2,False
2020-04-16,2020,4,107,1826,0,17.2,False
2020-04-17,2020,4,108,1818,0,17.3,False
2020-04-18,2020,4,109,1552,0,17.4,False
2020-04-19,2020,4,110,1828,0,17.5,False
2020-04-20,2020,4,111,1818,0,17.5,False
2020-04-21,2020,4,112,1724,0,17.6,False
2020-04-22,2020,4,113,1720,0,17.7,False
2020-04-23,2020,4,114,1780,0,17.8,False
2020-04-24,2020,4,115,1937,0,17.8,False
2020-04-25,2020,4,116,1692,0,17.9,False
2020-04-26,2020,4,117,1752,0,18.0,False
2020-04-27,2020,4,118,1916,0,18.0,False
2020-04-28,2020,4,119,1757,0,18.1,False
2020-04-29,2020,4,120,1767,0,18.2,False
2020-04-30,2020,4,121,1812,0,18.2,False
2020-05-01,2020,5,122,1694,0,18.3,False
2020-05-02,2020,5,123,1830,0,18.4,False
2020-05-03,2020,5,124,1703,0,18.4,False
2020-05-04,2020,5,125,1896,0,18.5,False
2020-05-05,2020,5,126,1819,0,18.6,False
2020-05-06,2020,5,127,2030,0,18.6,False
2020-05-07,2020,5,128,1850,0,18.7,False
2020-05-08,2020,5,129,1953,0,18.7,False
2020-05-09,2020,5,130,1711,0,18.8,False
2020-05-10,2020,5,131,1822,0,18.8,False
2020-05-11,2020,5,132,1866,0,18.9,False
2020-05-12,2020,5,133,1999,0,19.0,False
2020-05-13,2020,5,134,1686,0,19.0,False
2020-05-14,2020,5,135,1935,0,19.1,False
2020-05-15,2020,5,136,1901,0,19.1,False
2020-05-16,2020,5,137,1990,0,19.2,False
2020-05-17,2020,5,138,1917,0,19.2,False
2020-05-18,2020,5,139,1858,0,19.2,False
2020-05-19,2020,5,140,1807,0,19.3,False
2020-05-20,2020,5,141,1741,0,19.3,False
2020-05-21,2020,5,142,1878,0,19.4,False
2020-05-22,2020,5,143,1844,0,19.4,False
2020-05-23,2020,5,144,2052,0,19.5,False
2020-05-24,2020,5,145,1808,0,19.5,False
2020-05-25,2020,5,146,1897,0,19.5,False
2020-05-26,2020,5,147,1722,0,19.6,False
2020-05-27,2020,5,148,1834,0,19.6,False
2020-05-28,2020,5,149,1897,0,19.6,False
2020-05-29,2020,5,150,1951,0,19.7,False
2020-05-30,2020,5,151,2011,0,19.7,False
2020-05-31,2020,5,152,1873,0,19.7,False
2020-06-01,2020,6,153,1773,0,20.2,False
2020-06-02,2020,6,154,1922,0,20.3,False
2020-06-03,2020,6,155,1929,0,20.4,False
2020-06-04,2020,6,156,1928,0,20.6,False
2020-06-05,2020,6,157,1817,0,20.7,False
2020-06-06,2020,6,158,1990,0,20.9,False
2020-06-07,2020,6,159,1893,0,21.1,False
2020-06-08,2020,6,160,1951,0,21.3,False
2020-06-09,2020,6,161,2006,0,21.6,False
2020-06-10,2020,6,162,1944,0,21.8,False
2020-06-11,2020,6,163,1915,0,22.1,False
2020-06-12,2020,6,164,2091,0,22.4,False
2020-06-13,2020,6,165,1912,0,22.7,False
2020-06-14,2020,6,166,1861,0,23.0,False
2020-06-15,2020,6,167,1900,0,23.3,False
2020-06-16,2020,6,168,2030,0,23.7,False
2020-06-17,2020,6,169,1901,0,24.0,False
2020-06-18,2020,6,170,1939,0,24.3,False
2020-06-19,2020,6,171,2003,0,24.7,False
2020-06-20,2020,6,172,1842,0,25.0,False
2020-06-21,2020,6,173,1727,0,25.3,False
2020-06-22,2020,6,174,1918,0,25.7,False
2020-06-23,2020,6,175,1911,0,26.0,False
2020-06-24,2020,6,176,1832,0,26.3,False
2020-06-25,2020,6,177,1971,0,26.7,False
2020-06-26,2020,6,178,1946,0,27.0,False
2020-06-27,2020,6,179,1794,0,27.3,False
2020-06-28,2020,6,180,1936,0,27.6,False
2020-06-29,2020,6,181,1868,0,27.9,False
2020-06-30,2020,6,182,1746,0,28.2,False
2020-07-01,2020,7,183,1928,0,28.4,False
2020-07-02,2020,7,184,1880,0,28.7,False
2020-07-03,2020,7,185,1813,0,28.9,False
2020-07-04,2020,7,186,1931,0,29.1,False
2020-07-05,2020,7,187,1927,0,29.3,False
2020-07-06,2020,7,188,1826,0,29.4,False
2020-07-07,2020,7,189,1916,0,29.6,False
2020-07-08,2020,7,190,1973,0,29.7,False
2020-07-09,2020,7,191,1809,0,29.8,False
2020-07-10,2020,7,192,1910,0,29.9,False
2020-07-11,2020,7,193,1873,0,30.0,False
2020-07-12,2020,7,194,2084,0,30.0,False
2020-07-13,2020,7,195,1696,0,30.0,False
2020-07-14,2020,7,196,1933,0,30.0,False
2020-07-15,2020,7,197,1838,0,30.0,False
2020-07-16,2020,7,198,1855,0,29.9,False
2020-07-17,2020,7,199,2040,0,29.8,False
2020-07-18,2020,7,200,1860,0,29.7,False
2020-07-19,2020,7,201,2067,0,29.6,False
2020-07-20,2020,7,202,1815,0,29.4,False
2020-07-21,2020,7,203,1887,0,29.3,False
2020-07-22,2020,7,204,1806,0,29.1,False
2020-07-23,2020,7,205,1786,0,28.9,False
2020-07-24,2020,7,206,1853,0,28.7,False
2020-07-25,2020,7,207,1819,0,28.4,False
2020-07-26,2020,7,208,1861,0,28.2,False
2020-07-27,2020,7,209,1646,0,27.9,False
2020-07-28,2020,7,210,2021,0,27.6,False
2020-07-29,2020,7,211,1819,0,27.3,False
2020-07-30,2020,7,212,1992,0,27.0,False
2020-07-31,2020,7,213,1737,0,26.7,False
2020-08-01,2020,8,214,1853,0,26.3,False
2020-08-02,2020,8,215,2112,0,26.0,False
2020-08-03,2020,8,216,1741,0,25.7,False
2020-08-04,2020,8,217,1682,0,25.3,False
2020-08-05,2020,8,218,1765,0,25.0,False
2020-08-06,2020,8,219,1854,0,24.7,False
2020-08-07,2020,8,220,1871,0,24.3,False
2020-08-08,2020,8,221,1922,0,24.0,False
2020-08-09,2020,8,222,1779,0,23.7,False
2020-08-10,2020,8,223,1654,0,23.3,False
2020-08-11,2020,8,224,1756,0,23.0,False
2020-08-12,2020,8,225,1903,0,22.7,False
2020-08-13,2020,8,226,1830,0,22.4,False
2020-08-14,2020,8,227,1610,0,22.1,False
2020-08-15,2020,8,228,1778,0,21.8,False
2020-08-16,2020,8,229,1902,0,21.6,False
2020-08-17,2020,8,230,1963,0,21.3,False
2020-08-18,2020,8,231,1821,0,21.1,False
2020-08-19,2020,8,232,1794,0,20.9,False
2020-08-20,2020,8,233,1654,0,20.7,False
2020-08-21,2020,8,234,1685,0,20.6,False
2020-08-22,2020,8,235,1760,0,20.4,False
2020-08-23,2020,8,236,1796,0,20.3,False
2020-08-24,2020,8,237,1799,0,20.2,False
2020-08-25,2020,8,238,1703,0,20.1,False
2020-08-26,2020,8,239,1640,0,20.0,False
2020-08-27,2020,8,240,1669,0,20.0,False
2020-08-28,2020,8,241,1632,0,20.0,False
2020-08-29,2020,8,242,1784,0,20.0,False
2020-08-30,2020,8,243,1525,0,20.0,False
2020-08-31,2020,8,244,1692,0,20.1,False
2020-09-01,2020,9,245,1755,0,16.5,False
2020-09-02,2020,9,246,1843,0,16.4,False
2020-09-03,2020,9,247,1715,0,16.3,False
2020-09-04,2020,9,248,1790,0,16.2,False
2020-09-05,2020,9,249,1666,0,16.2,False
2020-09-06,2020,9,250,1633,0,16.1,False
2020-09-07,2020,9,251,1635,0,16.0,False
2020-09-08,2020,9,252,1817,0,15.9,False
2020-09-09,2020,9,253,1767,0,15.8,False
2020-09-10,2020,9,254,1720,0,15.7,False
2020-09-11,2020,9,255,1954,0,15.6,False
2020-09-12,2020,9,256,1668,0,15.6,False
2020-09-13,2020,9,257,1719,0,15.5,False
2020-09-14,2020,9,258,1688,0,15.4,False
2020-09-15,2020,9,259,1640,0,15.3,False
2020-09-16,2020,9,260,1846,0,15.2,False
2020-09-17,2020,9,261,1774,0,15.1,False
2020-09-18,2020,9,262,1530,0,15.0,False
2020-09-19,2020,9,263,1609,0,15.0,False
2020-09-20,2020,9,264,1672,0,14.9,False
2020-09-21,2020,9,265,1697,0,14.8,False
2020-09-22,2020,9,266,1519,0,14.7,False
2020-09-23,2020,9,267,1441,0,14.6,False
2020-09-24,2020,9,268,1466,0,14.5,False
2020-09-25,2020,9,269,1610,0,14.4,False
2020-09-26,2020,9,270,1603,0,14.4,False
2020-09-27,2020,9,271,1635,0,14.3,False
2020-09-28,2020,9,272,1542,0,14.2,False
2020-09-29,2020,9,273,1501,0,14.1,False
2020-09-30,2020,9,274,1434,0,14.0,False
2020-10-01,2020,10,275,1617,0,13.9,False
2020-10-02,2020,10,276,1616,0,13.8,False
2020-10-03,2020,10,277,1661,0,13.8,False
2020-10-04,2020,10,278,1641,0,13.7,False
2020-10-05,2020,10,279,1559,0,13.6,False
2020-10-06,2020,10,280,1676,0,13.5,False
2020-10-07,2020,10,281,1556,0,13.4,False
2020-10-08,2020,10,282,1511,0,13.4,False
2020-10-09,2020,10,283,1518,0,13.3,False
2020-10-10,2020,10,284,1509,0,13.2,False
2020-10-11,2020,10,285,1382,0,13.1,False
2020-10-12,2020,10,286,1559,0,13.0,False
2020-10-13,2020,10,287,1562,0,13.0,False
2020-10-14,2020,10,288,1511,0,12.9,False
2020-10-15,2020,10,289,1480,0,12.8,False
2020-10-16,2020,10,290,1560,0,12.7,False
2020-10-17,2020,10,291,1658,0,12.6,False
2020-10-18,2020,10,292,1527,0,12.6,False
2020-10-19,2020,10,293,1481,0,12.5,False
2020-10-20,2020,10,294,1471,0,12.4,False
2020-10-21,2020,10,295,1507,0,12.3,False
2020-10-22,2020,10,296,1414,0,12.3,False
2020-10-23,2020,10,297,1496,0,12.2,False
2020-10-24,2020,10,298,1507,0,12.1,False
2020-10-25,2020,10,299,1637,0,12.1,False
2020-10-26,2020,10,300,1566,0,12.0,False
2020-10-27,2020,10,301,1569,0,11.9,False
2020-10-28,2020,10,302,1435,0,11.9,False
2020-10-29,2020,10,303,1535,0,11.8,False
2020-10-30,2020,10,304,1397,0,11.7,False
2020-10-31,2020,10,305,1502,0,11.7,False
2020-11-01,2020,11,306,1507,0,11.6,False
2020-11-02,2020,11,307,1416,0,11.5,False
2020-11-03,2020,11,308,1616,0,11.5,False
2020-11-04,2020,11,309,1508,0,11.4,False
2020-11-05,2020,11,310,1324,0,11.4,False
2020-11-06,2020,11,311,1501,0,11.3,False
2020-11-07,2020,11,312,1428,0,11.2,False
2020-11-08,2020,11,313,1455,0,11.2,False
2020-11-09,2020,11,314,1486,0,11.1,False
2020-11-10,2020,11,315,1478,0,11.1,False
2020-11-11,2020,11,316,1300,0,11.0,False
2020-11-12,2020,11,317,1361,0,11.0,False
2020-11-13,2020,11,318,1498,0,10.9,False
2020-11-14,2020,11,319,1533,0,10.9,False
2020-11-15,2020,11,320,1574,0,10.8,False
2020-11-16,2020,11,321,1564,0,10.8,False
2020-11-17,2020,11,322,1286,0,10.7,False
2020-11-18,2020,11,323,1486,0,10.7,False
2020-11-19,2020,11,324,1292,0,10.6,False
2020-11-20,2020,11,325,1542,0,10.6,False
2020-11-21,2020,11,326,1443,0,10.6,False
2020-11-22,2020,11,327,1341,0,10.5,False
2020-11-23,2020,11,328,1564,0,10.5,False
2020-11-24,2020,11,329,1465,0,10.4,False
2020-11-25,2020,11,330,1283,0,10.4,False
2020-11-26,2020,11,331,1436,0,10.4,False
2020-11-27,2020,11,332,1362,0,10.3,False
2020-11-28,2020,11,333,1420,0,10.3,False
2020-11-29,2020,11,334,1378,0,10.3,False
2020-11-30,2020,11,335,1506,0,10.3,False
2020-12-01,2020,12,336,1308,0,5.1,False
2020-12-02,2020,12,337,1429,0,5.1,False
2020-12-03,2020,12,338,1533,0,5.2,False
2020-12-04,2020,12,339,1347,0,5.3,False
2020-12-05,2020,12,340,1419,0,5.4,False
2020-12-06,2020,12,341,1417,0,5.5,False
2020-12-07,2020,12,342,1354,0,5.6,False
2020-12-08,2020,12,343,1447,0,5.8,False
2020-12-09,2020,12,344,1407,0,5.9,False
2020-12-10,2020,12,345,1334,0,6.1,False
2020-12-11,2020,12,346,1522,0,6.2,False
2020-12-12,2020,12,347,1454,0,6.4,False
2020-12-13,2020,12,348,1386,0,6.6,False
2020-12-14,2020,12,349,1353,0,6.8,False
2020-12-15,2020,12,350,1343,0,7.0,False
2020-12-16,2020,12,351,1483,0,7.2,False
2020-12-17,2020,12,352,1387,0,7.4,False
2020-12-18,2020,12,353,1429,0,7.6,False
2020-12-19,2020,12,354,1384,0,7.8,False
2020-12-20,2020,12,355,1440,0,8.0,False
2020-12-21,2020,12,356,1389,0,8.2,False
2020-12-22,2020,12,357,1451,0,8.4,False
2020-12-23,2020,12,358,1385,0,8.6,False
2020-12-24,2020,12,359,1456,0,8.8,False
2020-12-25,2020,12,360,1445,0,9.0,False
2020-12-26,2020,12,361,1391,0,9.2,False
2020-12-27,2020,12,362,1339,0,9.4,False
2020-12-28,2020,12,363,1334,0,9.6,False
2020-12-29,2020,12,364,1349,0,9.8,False
2020-12-30,2020,12,365,1332,0,9.9,False
2020-12-31,2020,12,366,1463,0,10.1,False
2021-01-01,2021,1,1,1399,0,9.2,False
2021-01-02,2021,1,2,1513,0,9.4,False
2021-01-03,2021,1,3,1564,0,9.6,False
2021-01-04,2021,1,4,1407,0,9.8,False
2021-01-05,2021,1,5,1298,0,9.9,False
2021-01-06,2021,1,6,1381,0,10.1,False
2021-01-07,2021,1,7,1404,0,10.2,False
2021-01-08,2021,1,8,1305,0,10.4,False
2021-01-09,2021,1,9,1394,0,10.5,False
2021-01-10,2021,1,10,1433,0,10.6,False
2021-01-11,2021,1,11,1382,0,10.7,False
2021-01-12,2021,1,12,1362,0,10.8,False
2021-01-13,2021,1,13,1364,0,10.9,False
2021-01-14,2021,1,14,1547,0,10.9,False
2021-01-15,2021,1,15,1410,0,11.0,False
2021-01-16,2021,1,16,1364,0,11.0,False
2021-01-17,2021,1,17,1399,0,11.0,False
2021-01-18,2021,1,18,1496,0,11.0,False
2021-01-19,2021,1,19,1381,0,11.0,False
2021-01-20,2021,1,20,1466,0,11.0,False
2021-01-21,2021,1,21,1486,0,10.9,False
2021-01-22,2021,1,22,1490,0,10.9,False
2021-01-23,2021,1,23,1539,0,10.8,False
2021-01-24,2021,1,24,1401,0,10.7,False
2021-01-25,2021,1,25,1525,0,10.6,False
2021-01-26,2021,1,26,1389,0,10.5,False
2021-01-27,2021,1,27,1420,0,10.4,False
2021-01-28,2021,1,28,1538,0,10.2,False
2021-01-29,2021,1,29,1514,0,10.1,False
2021-01-30,2021,1,30,1457,0,9.9,False
2021-01-31,2021,1,31,1372,0,9.8,False
2021-02-01,2021,2,32,1503,0,9.6,False
2021-02-02,2021,2,33,1419,0,9.4,False
2021-02-03,2021,2,34,1400,0,9.2,False
2021-02-04,2021,2,35,1423,0,9.0,False
2021-02-05,2021,2,36,1492,0,8.8,False
2021-02-06,2021,2,37,1320,0,8.6,False
2021-02-07,2021,2,38,1507,0,8.4,False
2021-02-08,2021,2,39,1496,0,8.2,False
2021-02-09,2021,2,40,1443,0,8.0,False
2021-02-10,2021,2,41,1567,0,7.8,False
2021-02-11,2021,2,42,1539,0,7.6,False
2021-02-12,2021,2,43,1451,0,7.4,False
2021-02-13,2021,2,44,1450,0,7.2,False
2021-02-14,2021,2,45,1556,0,7.0,False
2021-02-15,2021,2,46,1393,0,6.8,False
2021-02-16,2021,2,47,1486,0,6.6,False
2021-02-17,2021,2,48,1467,0,6.4,False
2021-02-18,2021,2,49,1523,0,6.2,False
2021-02-19,2021,2,50,1538,0,6.1,False
2021-02-20,2021,2,51,1528,0,5.9,False
2021-02-21,2021,2,52,1616,0,5.8,False
2021-02-22,2021,2,53,1550,0,5.6,False
2021-02-23,2021,2,54,1513,0,5.5,False
2021-02-24,2021,2,55,1447,0,5.4,False
2021-02-25,2021,2,56,1600,0,5.3,False
2021-02-26,2021,2,57,1589,0,5.2,False
2021-02-27,2021,2,58,1665,0,5.1,False
2021-02-28,2021,2,59,1498,0,5.1,False
2021-03-01,2021,3,60,1562,0,13.3,False
2021-03-02,2021,3,61,1560,0,13.4,False
2021-03-03,2021,3,62,1561,0,13.5,False
2021-03-04,2021,3,63,1573,0,13.6,False
2021-03-05,2021,3,64,1441,0,13.6,False
2021-03-06,2021,3,65,1646,0,13.7,False
2021-03-07,2021,3,66,1636,0,13.8,False
2021-03-08,2021,3,67,1679,0,13.9,False
2021-03-09,2021,3,68,1772,0,14.0,False
2021-03-10,2021,3,69,1572,0,14.1,False
2021-03-11,2021,3,70,1598,0,14.1,False
2021-03-12,2021,3,71,1606,0,14.2,False
2021-03-13,2021,3,72,1766,0,14.3,False
2021-03-14,2021,3,73,1474,0,14.4,False
2021-03-15,2021,3,74,1657,0,14.5,False
2021-03-16,2021,3,75,1503,0,14.6,False
2021-03-17,2021,3,76,1417,0,14.7,False
2021-03-18,2021,3,77,1466,0,14.7,False
2021-03-19,2021,3,78,1522,0,14.8,False
2021-03-20,2021,3,79,1727,0,14.9,False
2021-03-21,2021,3,80,1572,0,15.0,False
2021-03-22,2021,3,81,1629,0,15.1,False
2021-03-23,2021,3,82,1556,0,15.2,False
2021-03-24,2021,3,83,1707,0,15.3,False
2021-03-25,2021,3,84,1569,0,15.3,False
2021-03-26,2021,3,85,1774,0,15.4,False
2021-03-27,2021,3,86,1586,0,15.5,False
2021-03-28,2021,3,87,1609,0,15.6,False
2021-03-29,2021,3,88,1688,0,15.7,False
2021-03-30,2021,3,89,1684,0,15.8,False
2021-03-31,2021,3,90,1806,0,15.9,False
2021-04-01,2021,4,91,1700,0,15.9,False
2021-04-02,2021,4,92,1592,0,16.0,False
2021-04-03,2021,4,93,1651,0,16.1,False
2021-04-04,2021,4,94,1654,0,16.2,False
2021-04-05,2021,4,95,1768,0,16.3,False
2021-04-06,2021,4,96,1743,0,16.4,False
2021-04-07,2021,4,97,1704,0,16.4,False
2021-04-08,2021,4,98,1793,0,16.5,False
2021-04-09,2021,4,99,1677,0,16.6,False
2021-04-10,2021,4,100,1715,0,16.7,False
2021-04-11,2021,4,101,1746,0,16.8,False
2021-04-12,2021,4,102,1867,0,16.8,False
2021-04-13,2021,4,103,1730,0,16.9,False
2021-04-14,2021,4,104,1712,0,17.0,False
2021-04-15,2021,4,105,1655,0,17.1,False
2021-04-16,2021,4,106,1810,0,17.2,False
2021-04-17,2021,4,107,1702,0,17.2,False
2021-04-18,2021,4,108,1788,0,17.3,False
2021-04-19,2021,4,109,1594,0,17.4,False
2021-04-20,2021,4,110,1857,0,17.5,False
2021-04-21,2021,4,111,1651,0,17.5,False
2021-04-22,2021,4,112,1704,0,17.6,False
2021-04-23,2021,4,113,1870,0,17.7,False
2021-04-24,2021,4,114,1661,0,17.8,False
2021-04-25,2021,4,115,1776,0,17.8,False
2021-04-26,2021,4,116,1793,0,17.9,False
2021-04-27,2021,4,117,1701,0,18.0,False
2021-04-28,2021,4,118,1914,0,18.0,False
2021-04-29,2021,4,119,1932,0,18.1,False
2021-04-30,2021,4,120,1623,0,18.2,False
2021-05-01,2021,5,121,1673,0,18.2,False
2021-05-02,2021,5,122,1880,0,18.3,False
2021-05-03,2021,5,123,1692,0,18.4,False
2021-05-04,2021,5,124,1778,0,18.4,False
2021-05-05,2021,5,125,1828,0,18.5,False
2021-05-06,2021,5,126,1882,0,18.6,False
2021-05-07,2021,5,127,1802,0,18.6,False
2021-05-08,2021,5,128,1834,0,18.7,False
2021-05-09,2021,5,129,1757,0,18.7,False
2021-05-10,2021,5,130,1949,0,18.8,False
2021-05-11,2021,5,131,1788,0,18.8,False
2021-05-12,2021,5,132,1867,0,18.9,False
2021-05-13,2021,5,133,1792,0,19.0,False
2021-05-14,2021,5,134,1851,0,19.0,False
2021-05-15,2021,5,135,1828,0,19.1,False
2021-05-16,2021,5,136,1831,0,19.1,False
2021-05-17,2021,5,137,1755,0,19.2,False
2021-05-18,2021,5,138,1925,0,19.2,False
2021-05-19,2021,5,139,1984,0,19.2,False
2021-05-20,2021,5,140,1878,0,19.3,False
2021-05-21,2021,5,141,1925,0,19.3,False
2021-05-22,2021,5,142,1937,0,19.4,False
2021-05-23,2021,5,143,1948,0,19.4,False
2021-05-24,2021,5,144,1892,0,19.5,False
2021-05-25,2021,5,145,1885,0,19.5,False
2021-05-26,2021,5,146,1948,0,19.5,False
2021-05-27,2021,5,147,1875,0,19.6,False
2021-05-28,2021,5,148,1779,0,19.6,False
2021-05-29,2021,5,149,1874,0,19.6,False
2021-05-30,2021,5,150,1697,0,19.7,False
2021-05-31,2021,5,151,1875,0,19.7,False
2021-06-01,2021,6,152,1915,0,20.1,False
2021-06-02,2021,6,153,1994,0,20.2,False
2021-06-03,2021,6,154,1894,0,20.3,False
2021-06-04,2021,6,155,1968,0,20.4,False
2021-06-05,2021,6,156,1882,0,20.6,False
2021-06-06,2021,6,157,1786,0,20.7,False
2021-06-07,2021,6,158,1751,0,20.9,False
2021-06-08,2021,6,159,1793,0,21.1,False
2021-06-09,2021,6,160,1757,0,21.3,False
2021-06-10,2021,6,161,1946,0,21.6,False
2021-06-11,2021,6,162,1867,0,21.8,False
2021-06-12,2021,6,163,1941,0,22.1,False
2021-06-13,2021,6,164,1895,0,22.4,False
2021-06-14,2021,6,165,1987,0,22.7,False
2021-06-15,2021,6,166,1989,0,23.0,False
2021-06-16,2021,6,167,1828,0,23.3,False
2021-06-17,2021,6,168,1864,0,23.7,False
2021-06-18,2021,6,169,1840,0,24.0,False
2021-06-19,2021,6,170,1737,0,24.3,False
2021-06-20,2021,6,171,1954,0,24.7,False
2021-06-21,2021,6,172,2002,0,25.0,False
2021-06-22,2021,6,173,1889,0,25.3,False
2021-06-23,2021,6,174,1843,0,25.7,False
2021-06-24,2021,6,175,1993,0,26.0,False
2021-06-25,2021,6,176,1668,0,26.3,False
2021-06-26,2021,6,177,1906,0,26.7,False
2021-06-27,2021,6,178,1902,0,27.0,False
2021-06-28,2021,6,179,1834,0,27.3,False
2021-06-29,2021,6,180,2019,0,27.6,False
2021-06-30,2021,6,181,1978,0,27.9,False
2021-07-01,2021,7,182,1861,0,28.2,False
2021-07-02,2021,7,183,1877,0,28.4,False
2021-07-03,2021,7,184,1848,0,28.7,False
2021-07-04,2021,7,185,1835,0,28.9,False
2021-07-05,2021,7,186,1759,0,29.1,False
2021-07-06,2021,7,187,2011,0,29.3,False
2021-07-07,2021,7,188,1977,0,29.4,False
2021-07-08,2021,7,189,1954,0,29.6,False
2021-07-09,2021,7,190,1775,0,29.7,False
2021-07-10,2021,7,191,2071,0,29.8,False
2021-07-11,2021,7,192,2060,0,29.9,False
2021-07-12,2021,7,193,1891,0,30.0,False
2021-07-13,2021,7,194,1787,0,30.0,False
2021-07-14,2021,7,195,1789,0,30.0,False
2021-07-15,2021,7,196,1907,0,30.0,False
2021-07-16,2021,7,197,1781,0,30.0,False
2021-07-17,2021,7,198,1861,0,29.9,False
2021-07-18,2021,7,199,1964,0,29.8,False
2021-07-19,2021,7,200,1720,0,29.7,False
2021-07-20,2021,7,201,2045,0,29.6,False
2021-07-21,2021,7,202,2002,0,29.4,False
2021-07-22,2021,7,203,1739,0,29.3,False
2021-07-23,2021,7,204,1721,0,29.1,False
2021-07-24,2021,7,205,1823,0,28.9,False
2021-07-25,2021,7,206,1752,0,28.7,False
2021-07-26,2021,7,207,1821,0,28.4,False
2021-07-27,2021,7,208,1605,0,28.2,False
2021-07-28,2021,7,209,1819,0,27.9,False
2021-07-29,2021,7,210,2003,0,27.6,False
2021-07-30,2021,7,211,1732,0,27.3,False
2021-07-31,2021,7,212,1807,0,27.0,False
2021-08-01,2021,8,213,1693,0,26.7,False
2021-08-02,2021,8,214,1885,0,26.3,False
2021-08-03,2021,8,215,1803,0,26.0,False
2021-08-04,2021,8,216,1997,0,25.7,False
2021-08-05,2021,8,217,1836,0,25.3,False
2021-08-06,2021,8,218,1781,0,25.0,False
2021-08-07,2021,8,219,1861,0,24.7,False
2021-08-08,2021,8,220,1762,0,24.3,False
2021-08-09,2021,8,221,1684,0,24.0,False
2021-08-10,2021,8,222,1829,0,23.7,False
2021-08-11,2021,8,223,1783,0,23.3,False
2021-08-12,2021,8,224,1810,0,23.0,False
2021-08-13,2021,8,225,1826,0,22.7,False
2021-08-14,2021,8,226,1743,0,22.4,False
2021-08-15,2021,8,227,1823,0,22.1,False
2021-08-16,2021,8,228,1936,0,21.8,False
2021-08-17,2021,8,229,1679,0,21.6,False
2021-08-18,2021,8,230,1929,0,21.3,False
2021-08-19,2021,8,231,1749,0,21.1,False
2021-08-20,2021,8,232,1699,0,20.9,False
2021-08-21,2021,8,233,1977,0,20.7,False
2021-08-22,2021,8,234,1773,0,20.6,False
2021-08-23,2021,8,235,1876,0,20.4,False
2021-08-24,2021,8,236,1824,0,20.3,False
2021-08-25,2021,8,237,1601,0,20.2,False
2021-08-26,2021,8,238,1755,0,20.1,False
2021-08-27,2021,8,239,1695,0,20.0,False
2021-08-28,2021,8,240,1620,0,20.0,False
2021-08-29,2021,8,241,1579,0,20.0,False
2021-08-30,2021,8,242,1738,0,20.0,False
2021-08-31,2021,8,243,1776,0,20.0,False
2021-09-01,2021,9,244,1754,0,16.6,False
2021-09-02,2021,9,245,1690,0,16.5,False
2021-09-03,2021,9,246,1644,0,16.4,False
2021-09-04,2021,9,247,1624,0,16.3,False
2021-09-05,2021,9,248,1657,0,16.2,False
2021-09-06,2021,9,249,1612,0,16.2,False
2021-09-07,2021,9,250,1679,0,16.1,False
2021-09-08,2021,9,251,1690,0,16.0,False
2021-09-09,2021,9,252,1612,0,15.9,False
2021-09-10,2021,9,253,1664,0,15.8,False
2021-09-11,2021,9,254,1616,0,15.7,False
2021-09-12,2021,9,255,1675,0,15.6,False
2021-09-13,2021,9,256,1713,0,15.6,False
2021-09-14,2021,9,257,1682,0,15.5,False
2021-09-15,2021,9,258,1702,0,15.4,False
2021-09-16,2021,9,259,1521,0,15.3,False
2021-09-17,2021,9,260,1623,0,15.2,False
2021-09-18,2021,9,261,1673,0,15.1,False
2021-09-19,2021,9,262,1698,0,15.0,False
2021-09-20,2021,9,263,1510,0,15.0,False
2021-09-21,2021,9,264,1650,0,14.9,False
2021-09-22,2021,9,265,1731,0,14.8,False
2021-09-23,2021,9,266,1614,0,14.7,False
2021-09-24,2021,9,267,1617,0,14.6,False
2021-09-25,2021,9,268,1657,0,14.5,False
2021-09-26,2021,9,269,1636,0,14.4,False
2021-09-27,2021,9,270,1666,0,14.4,False
2021-09-28,2021,9,271,1613,0,14.3,False
2021-09-29,2021,9,272,1616,0,14.2,False
2021-09-30,2021,9,273,1537,0,14.1,False
2021-10-01,2021,10,274,1581,0,14.0,False
2021-10-02,2021,10,275,1691,0,13.9,False
2021-10-03,2021,10,276,1571,0,13.8,False
2021-10-04,2021,10,277,1569,0,13.8,False
2021-10-05,2021,10,278,1540,0,13.7,False
2021-10-06,2021,10,279,1636,0,13.6,False
2021-10-07,2021,10,280,1503,0,13.5,False
2021-10-08,2021,10,281,1638,0,13.4,False
2021-10-09,2021,10,282,1489,0,13.4,False
2021-10-10,2021,10,283,1476,0,13.3,False
2021-10-11,2021,10,284,1570,0,13.2,False
2021-10-12,2021,10,285,1560,0,13.1,False
2021-10-13,2021,10,286,1569,0,13.0,False
2021-10-14,2021,10,287,1625,0,13.0,False
2021-10-15,2021,10,288,1507,0,12.9,False
2021-10-16,2021,10,289,1569,0,12.8,False
2021-10-17,2021,10,290,1461,0,12.7,False
2021-10-18,2021,10,291,1624,0,12.6,False
2021-10-19,2021,10,292,1572,0,12.6,False
2021-10-20,2021,10,293,1561,0,12.5,False
2021-10-21,2021,10,294,1530,0,12.4,False
2021-10-22,2021,10,295,1453,0,12.3,False
2021-10-23,2021,10,296,1484,0,12.3,False
2021-10-24,2021,10,297,1543,0,12.2,False
2021-10-25,2021,10,298,1501,0,12.1,False
2021-10-26,2021,10,299,1508,0,12.1,False
2021-10-27,2021,10,300,1393,0,12.0,False
2021-10-28,2021,10,301,1505,0,11.9,False
2021-10-29,2021,10,302,1437,0,11.9,False
2021-10-30,2021,10,303,1405,0,11.8,False
2021-10-31,2021,10,304,1470,0,11.7,False
2021-11-01,2021,11,305,1341,0,11.7,False
2021-11-02,2021,11,306,1527,0,11.6,False
2021-11-03,2021,11,307,1535,0,11.5,False
2021-11-04,2021,11,308,1466,0,11.5,False
2021-11-05,2021,11,309,1394,0,11.4,False
2021-11-06,2021,11,310,1394,0,11.4,False
2021-11-07,2021,11,311,1450,0,11.3,False
2021-11-08,2021,11,312,1281,0,11.2,False
2021-11-09,2021,11,313,1468,0,11.2,False
2021-11-10,2021,11,314,1501,0,11.1,False
2021-11-11,2021,11,315,1427,0,11.1,False
2021-11-12,2021,11,316,1411,0,11.0,False
2021-11-13,2021,11,317,1458,0,11.0,False
2021-11-14,2021,11,318,1467,0,10.9,False
2021-11-15,2021,11,319,1519,0,10.9,False
2021-11-16,2021,11,320,1439,0,10.8,False
2021-11-17,2021,11,321,1386,0,10.8,False
2021-11-18,2021,11,322,1400,0,10.7,False
2021-11-19,2021,11,323,1444,0,10.7,False
2021-11-20,2021,11,324,1540,0,10.6,False
2021-11-21,2021,11,325,1404,0,10.6,False
2021-11-22,2021,11,326,1350,0,10.6,False
2021-11-23,2021,11,327,1361,0,10.5,False
2021-11-24,2021,11,328,1272,0,10.5,False
2021-11-25,2021,11,329,1442,0,10.4,False
2021-11-26,2021,11,330,1321,0,10.4,False
2021-11-27,2021,11,331,1328,0,10.4,False
2021-11-28,2021,11,332,1274,0,10.3,False
2021-11-29,2021,11,333,1333,0,10.3,False
2021-11-30,2021,11,334,1451,0,10.3,False
2021-12-01,2021,12,335,1317,0,5.0,False
2021-12-02,2021,12,336,1285,0,5.1,False
2021-12-03,2021,12,337,1420,0,5.1,False
2021-12-04,2021,12,338,1382,0,5.2,False
2021-12-05,2021,12,339,1435,0,5.3,False
2021-12-06,2021,12,340,1456,0,5.4,False
2021-12-07,2021,12,341,1402,0,5.5,False
2021-12-08,2021,12,342,1311,0,5.6,False
2021-12-09,2021,12,343,1392,0,5.8,False
2021-12-10,2021,12,344,1435,0,5.9,False
2021-12-11,2021,12,345,1359,0,6.1,False
2021-12-12,2021,12,346,1298,0,6.2,False
2021-12-13,2021,12,347,1476,0,6.4,False
2021-12-14,2021,12,348,1369,0,6.6,False
2021-12-15,2021,12,349,1369,0,6.8,False
2021-12-16,2021,12,350,1399,0,7.0,False
2021-12-17,2021,12,351,1469,0,7.2,False
2021-12-18,2021,12,352,1415,0,7.4,False
2021-12-19,2021,12,353,1374,0,7.6,False
2021-12-20,2021,12,354,1445,0,7.8,False
2021-12-21,2021,12,355,1547,0,8.0,False
2021-12-22,2021,12,356,1494,0,8.2,False
2021-12-23,2021,12,357,1444,0,8.4,False
2021-12-24,2021,12,358,1319,0,8.6,False
2021-12-25,2021,12,359,1660,0,8.8,False
2021-12-26,2021,12,360,1314,0,9.0,False
2021-12-27,2021,12,361,1373,0,9.2,False
2021-12-28,2021,12,362,1350,0,9.4,False
2021-12-29,2021,12,363,1514,0,9.6,False
2021-12-30,2021,12,364,1430,0,9.8,False
2021-12-31,2021,12,365,1301,0,9.9,False
2022-01-01,2022,1,1,1421,0,9.2,False
2022-01-02,2022,1,2,1442,0,9.4,False
2022-01-03,2022,1,3,1382,0,9.6,False
2022-01-04,2022,1,4,1320,0,9.8,False
2022-01-05,2022,1,5,1355,0,9.9,False
2022-01-06,2022,1,6,1377,0,10.1,False
2022-01-07,2022,1,7,1411,0,10.2,False
2022-01-08,2022,1,8,1374,0,10.4,False
2022-01-09,2022,1,9,1464,0,10.5,False
2022-01-10,2022,1,10,1346,0,10.6,False
2022-01-11,2022,1,11,1292,0,10.7,False
2022-01-12,2022,1,12,1364,0,10.8,False
2022-01-13,2022,1,13,1514,0,10.9,False
2022-01-14,2022,1,14,1379,0,10.9,False
2022-01-15,2022,1,15,1588,0,11.0,False
2022-01-16,2022,1,16,1459,0,11.0,False
2022-01-17,2022,1,17,1342,0,11.0,False
2022-01-18,2022,1,18,1368,0,11.0,False
2022-01-19,2022,1,19,1447,0,11.0,False
2022-01-20,2022,1,20,1347,0,11.0,False
2022-01-21,2022,1,21,1604,0,10.9,False
2022-01-22,2022,1,22,1365,0,10.9,False
2022-01-23,2022,1,23,1488,0,10.8,False
2022-01-24,2022,1,24,1546,0,10.7,False
2022-01-25,2022,1,25,1435,0,10.6,False
2022-01-26,2022,1,26,1374,0,10.5,False
2022-01-27,2022,1,27,1429,0,10.4,False
2022-01-28,2022,1,28,1477,0,10.2,False
2022-01-29,2022,1,29,1517,0,10.1,False
2022-01-30,2022,1,30,1461,0,9.9,False
2022-01-31,2022,1,31,1357,0,9.8,False
2022-02-01,2022,2,32,1465,0,9.6,False
2022-02-02,2022,2,33,1416,0,9.4,False
2022-02-03,2022,2,34,1308,0,9.2,False
2022-02-04,2022,2,35,1420,0,9.0,False
2022-02-05,2022,2,36,1368,0,8.8,False
2022-02-06,2022,2,37,1521,0,8.6,False
2022-02-07,2022,2,38,1624,0,8.4,False
2022-02-08,2022,2,39,1621,0,8.2,False
2022-02-09,2022,2,40,1444,0,8.0,False
2022-02-10,2022,2,41,1455,0,7.8,False
2022-02-11,2022,2,42,1545,0,7.6,False
2022-02-12,2022,2,43,1576,0,7.4,False
2022-02-13,2022,2,44,1469,0,7.2,False
2022-02-14,2022,2,45,1493,0,7.0,False
2022-02-15,2022,2,46,1674,0,6.8,False
2022-02-16,2022,2,47,1503,0,6.6,False
2022-02-17,2022,2,48,1478,0,6.4,False
2022-02-18,2022,2,49,1527,0,6.2,False
2022-02-19,2022,2,50,1566,0,6.1,False
2022-02-20,2022,2,51,1447,0,5.9,False
2022-02-21,2022,2,52,1510,0,5.8,False
2022-02-22,2022,2,53,1444,0,5.6,False
2022-02-23,2022,2,54,1515,0,5.5,False
2022-02-24,2022,2,55,1685,0,5.4,False
2022-02-25,2022,2,56,1602,0,5.3,False
2022-02-26,2022,2,57,1541,0,5.2,False
2022-02-27,2022,2,58,1480,0,5.1,False
2022-02-28,2022,2,59,1532,0,5.1,False
2022-03-01,2022,3,60,1642,0,13.3,False
2022-03-02,2022,3,61,1520,0,13.4,False
2022-03-03,2022,3,62,1682,0,13.5,False
2022-03-04,2022,3,63,1464,0,13.6,False
2022-03-05,2022,3,64,1554,0,13.6,False
2022-03-06,2022,3,65,1718,0,13.7,False
2022-03-07,2022,3,66,1426,0,13.8,False
2022-03-08,2022,3,67,1683,0,13.9,False
2022-03-09,2022,3,68,1445,0,14.0,False
2022-03-10,2022,3,69,1590,0,14.1,False
2022-03-11,2022,3,70,1587,0,14.1,False
2022-03-12,2022,3,71,1672,0,14.2,False
2022-03-13,2022,3,72,1356,0,14.3,False
2022-03-14,2022,3,73,1459,0,14.4,False
2022-03-15,2022,3,74,1572,0,14.5,False
2022-03-16,2022,3,75,1625,0,14.6,False
2022-03-17,2022,3,76,1554,0,14.7,False
2022-03-18,2022,3,77,1613,0,14.7,False
2022-03-19,2022,3,78,1538,0,14.8,False
2022-03-20,2022,3,79,1606,0,14.9,False
2022-03-21,2022,3,80,1574,0,15.0,False
2022-03-22,2022,3,81,1668,0,15.1,False
2022-03-23,2022,3,82,1700,0,15.2,False
2022-03-24,2022,3,83,1775,0,15.3,False
2022-03-25,2022,3,84,1606,0,15.3,False
2022-03-26,2022,3,85,1638,0,15.4,False
2022-03-27,2022,3,86,1673,0,15.5,False
2022-03-28,2022,3,87,1648,0,15.6,False
2022-03-29,2022,3,88,1673,0,15.7,False
2022-03-30,2022,3,89,1550,0,15.8,False
2022-03-31,2022,3,90,1717,0,15.9,False
2022-04-01,2022,4,91,1613,0,15.9,False
2022-04-02,2022,4,92,1613,0,16.0,False
2022-04-03,2022,4,93,1563,0,16.1,False
2022-04-04,2022,4,94,1801,0,16.2,False
2022-04-05,2022,4,95,1694,0,16.3,False
2022-04-06,2022,4,96,1809,0,16.4,False
2022-04-07,2022,4,97,1738,0,16.4,False
2022-04-08,2022,4,98,1572,0,16.5,False
2022-04-09,2022,4,99,1629,0,16.6,False
2022-04-10,2022,4,100,1792,0,16.7,False
2022-04-11,2022,4,101,1664,0,16.8,False
2022-04-12,2022,4,102,1640,0,16.8,False
2022-04-13,2022,4,103,1723,0,16.9,False
2022-04-14,2022,4,104,1727,0,17.0,False
2022-04-15,2022,4,105,1658,0,17.1,False
2022-04-16,2022,4,106,1722,0,17.2,False
2022-04-17,2022,4,107,1712,0,17.2,False
2022-04-18,2022,4,108,1530,0,17.3,False
2022-04-19,2022,4,109,1806,0,17.4,False
2022-04-20,2022,4,110,1694,0,17.5,False
2022-04-21,2022,4,111,1884,0,17.5,False
2022-04-22,2022,4,112,1671,0,17.6,False
2022-04-23,2022,4,113,1636,0,17.7,False
2022-04-24,2022,4,114,1885,0,17.8,False
2022-04-25,2022,4,115,1642,0,17.8,False
2022-04-26,2022,4,116,1730,0,17.9,False
2022-04-27,2022,4,117,1844,0,18.0,False
2022-04-28,2022,4,118,1764,0,18.0,False
2022-04-29,2022,4,119,1648,0,18.1,False
2022-04-30,2022,4,120,1817,0,18.2,False
2022-05-01,2022,5,121,1786,0,18.2,False
2022-05-02,2022,5,122,1923,0,18.3,False
2022-05-03,2022,5,123,1863,0,18.4,False
2022-05-04,2022,5,124,2088,0,18.4,False
2022-05-05,2022,5,125,1666,0,18.5,False
2022-05-06,2022,5,126,1817,0,18.6,False
2022-05-07,2022,5,127,1725,0,18.6,False
2022-05-08,2022,5,128,1930,0,18.7,False
2022-05-09,2022,5,129,1903,0,18.7,False
2022-05-10,2022,5,130,1900,0,18.8,False
2022-05-11,2022,5,131,1762,0,18.8,False
2022-05-12,2022,5,132,1768,0,18.9,False
2022-05-13,2022,5,133,1652,0,19.0,False
2022-05-14,2022,5,134,1999,0,19.0,False
2022-05-15,2022,5,135,1890,0,19.1,False
2022-05-16,2022,5,136,1822,0,19.1,False
2022-05-17,2022,5,137,1935,0,19.2,False
2022-05-18,2022,5,138,1920,0,19.2,False
2022-05-19,2022,5,139,1943,0,19.2,False
2022-05-20,2022,5,140,1705,0,19.3,False
2022-05-21,2022,5,141,1791,0,19.3,False
2022-05-22,2022,5,142,1878,0,19.4,False
2022-05-23,2022,5,143,1895,0,19.4,False
2022-05-24,2022,5,144,1953,0,19.5,False
2022-05-25,2022,5,145,1771,0,19.5,False
2022-05-26,2022,5,146,1879,0,19.5,False
2022-05-27,2022,5,147,2075,0,19.6,False
2022-05-28,2022,5,148,1935,0,19.6,False
2022-05-29,2022,5,149,1954,0,19.6,False
2022-05-30,2022,5,150,1872,0,19.7,False
2022-05-31,2022,5,151,1947,0,19.7,False
2022-06-01,2022,6,152,2046,0,20.1,False
2022-06-02,2022,6,153,1888,0,20.2,False
2022-06-03,2022,6,154,1994,0,20.3,False
2022-06-04,2022,6,155,1798,0,20.4,False
2022-06-05,2022,6,156,1937,0,20.6,False
2022-06-06,2022,6,157,1968,0,20.7,False
2022-06-07,2022,6,158,1813,0,20.9,False
2022-06-08,2022,6,159,1988,0,21.1,False
2022-06-09,2022,6,160,1822,0,21.3,False
2022-06-10,2022,6,161,1810,0,21.6,False
2022-06-11,2022,6,162,1887,0,21.8,False
2022-06-12,2022,6,163,2070,0,22.1,False
2022-06-13,2022,6,164,1917,0,22.4,False
2022-06-14,2022,6,165,1977,0,22.7,False
2022-06-15,2022,6,166,1820,0,23.0,False
2022-06-16,2022,6,167,1897,0,23.3,False
2022-06-17,2022,6,168,1779,0,23.7,False
2022-06-18,2022,6,169,1836,0,24.0,False
2022-06-19,2022,6,170,1969,0,24.3,False
2022-06-20,2022,6,171,1886,0,24.7,False
2022-06-21,2022,6,172,2027,0,25.0,False
2022-06-22,2022,6,173,1871,0,25.3,False
2022-06-23,2022,6,174,1871,0,25.7,False
2022-06-24,2022,6,175,2010,0,26.0,False
2022-06-25,2022,6,176,1828,0,26.3,False
2022-06-26,2022,6,177,1745,0,26.7,False
2022-06-27,2022,6,178,2011,0,27.0,False
2022-06-28,2022,6,179,1927,0,27.3,False
2022-06-29,2022,6,180,1683,0,27.6,False
2022-06-30,2022,6,181,1891,0,27.9,False
2022-07-01,2022,7,182,1848,0,28.2,True
2022-07-02,2022,7,183,2076,24,28.4,True
2022-07-03,2022,7,184,1862,48,28.7,True
2022-07-04,2022,7,185,1899,72,28.9,True
2022-07-05,2022,7,186,1888,96,29.1,True
2022-07-06,2022,7,187,1895,119,29.3,True
2022-07-07,2022,7,188,1952,142,29.4,True
2022-07-08,2022,7,189,1898,165,29.6,True
2022-07-09,2022,7,190,1959,187,29.7,True
2022-07-10,2022,7,191,1918,209,29.8,True
2022-07-11,2022,7,192,1948,230,29.9,True
2022-07-12,2022,7,193,1959,251,30.0,True
2022-07-13,2022,7,194,2087,271,30.0,True
2022-07-14,2022,7,195,2086,290,30.0,True
2022-07-15,2022,7,196,2043,308,30.0,True
2022-07-16,2022,7,197,2244,325,30.0,True
2022-07-17,2022,7,198,2201,342,29.9,True
2022-07-18,2022,7,199,2172,357,29.8,True
2022-07-19,2022,7,200,2181,372,29.7,True
2022-07-20,2022,7,201,2423,385,29.6,True
2022-07-21,2022,7,202,2281,397,29.4,True
2022-07-22,2022,7,203,2317,409,29.3,True
2022-07-23,2022,7,204,1978,419,29.1,True
2022-07-24,2022,7,205,2204,428,28.9,True
2022-07-25,2022,7,206,2036,436,28.7,True
2022-07-26,2022,7,207,2239,442,28.4,True
2022-07-27,2022,7,208,2334,448,28.2,True
2022-07-28,2022,7,209,2215,452,27.9,True
2022-07-29,2022,7,210,2352,455,27.6,True
2022-07-30,2022,7,211,2175,457,27.3,True
2022-07-31,2022,7,212,2356,457,27.0,True
2022-08-01,2022,8,213,2109,457,26.7,True
2022-08-02,2022,8,214,2252,455,26.3,True
2022-08-03,2022,8,215,2323,452,26.0,True
2022-08-04,2022,8,216,2329,447,25.7,True
2022-08-05,2022,8,217,2245,442,25.3,True
2022-08-06,2022,8,218,2468,435,25.0,True
2022-08-07,2022,8,219,2193,427,24.7,True
2022-08-08,2022,8,220,2177,418,24.3,True
2022-08-09,2022,8,221,1908,408,24.0,True
2022-08-10,2022,8,222,2394,397,23.7,True
2022-08-11,2022,8,223,2144,385,23.3,True
2022-08-12,2022,8,224,2040,372,23.0,True
2022-08-13,2022,8,225,2292,358,22.7,True
2022-08-14,2022,8,226,2264,343,22.4,True
2022-08-15,2022,8,227,2124,327,22.1,True
2022-08-16,2022,8,228,1942,310,21.8,True
2022-08-17,2022,8,229,2115,293,21.6,True
2022-08-18,2022,8,230,1986,275,21.3,True
2022-08-19,2022,8,231,1909,256,21.1,True
2022-08-20,2022,8,232,2109,237,20.9,True
2022-08-21,2022,8,233,1769,217,20.7,True
2022-08-22,2022,8,234,2012,196,20.6,True
2022-08-23,2022,8,235,1976,175,20.4,True
2022-08-24,2022,8,236,2102,154,20.3,True
2022-08-25,2022,8,237,1912,132,20.2,True
2022-08-26,2022,8,238,1665,111,20.1,True
2022-08-27,2022,8,239,1753,89,20.0,True
2022-08-28,2022,8,240,1809,66,20.0,True
2022-08-29,2022,8,241,1809,44,20.0,True
2022-08-30,2022,8,242,1837,22,20.0,True
2022-08-31,2022,8,243,1556,0,20.0,True
2022-09-01,2022,9,244,1692,0,16.6,False
2022-09-02,2022,9,245,1800,0,16.5,False
2022-09-03,2022,9,246,1845,0,16.4,False
2022-09-04,2022,9,247,1868,0,16.3,False
2022-09-05,2022,9,248,1671,0,16.2,False
2022-09-06,2022,9,249,1794,0,16.2,False
2022-09-07,2022,9,250,1841,0,16.1,False
2022-09-08,2022,9,251,1793,0,16.0,False
2022-09-09,2022,9,252,1749,0,15.9,False
2022-09-10,2022,9,253,1753,0,15.8,False
2022-09-11,2022,9,254,1613,0,15.7,False
2022-09-12,2022,9,255,1554,0,15.6,False
2022-09-13,2022,9,256,1753,0,15.6,False
2022-09-14,2022,9,257,1638,0,15.5,False
2022-09-15,2022,9,258,1660,0,15.4,False
2022-09-16,2022,9,259,1610,0,15.3,False
2022-09-17,2022,9,260,1622,0,15.2,False
2022-09-18,2022,9,261,1669,0,15.1,False
2022-09-19,2022,9,262,1562,0,15.0,False
2022-09-20,2022,9,263,1647,0,15.0,False
2022-09-21,2022,9,264,1657,0,14.9,False
2022-09-22,2022,9,265,1627,0,14.8,False
2022-09-23,2022,9,266,1568,0,14.7,False
2022-09-24,2022,9,267,1688,0,14.6,False
2022-09-25,2022,9,268,1772,0,14.5,False
2022-09-26,2022,9,269,1567,0,14.4,False
2022-09-27,2022,9,270,1711,0,14.4,False
2022-09-28,2022,9,271,1679,0,14.3,False
2022-09-29,2022,9,272,1391,0,14.2,False
2022-09-30,2022,9,273,1538,0,14.1,False
2022-10-01,2022,10,274,1544,0,14.0,False
2022-10-02,2022,10,275,1653,0,13.9,False
2022-10-03,2022,10,276,1602,0,13.8,False
2022-10-04,2022,10,277,1620,0,13.8,False
2022-10-05,2022,10,278,1629,0,13.7,False
2022-10-06,2022,10,279,1504,0,13.6,False
2022-10-07,2022,10,280,1512,0,13.5,False
2022-10-08,2022,10,281,1470,0,13.4,False
2022-10-09,2022,10,282,1549,0,13.4,False
2022-10-10,2022,10,283,1549,0,13.3,False
2022-10-11,2022,10,284,1568,0,13.2,False
2022-10-12,2022,10,285,1494,0,13.1,False
2022-10-13,2022,10,286,1617,0,13.0,False
2022-10-14,2022,10,287,1613,0,13.0,False
2022-10-15,2022,10,288,1658,0,12.9,False
2022-10-16,2022,10,289,1589,0,12.8,False
2022-10-17,2022,10,290,1545,0,12.7,False
2022-10-18,2022,10,291,1579,0,12.6,False
2022-10-19,2022,10,292,1570,0,12.6,False
2022-10-20,2022,10,293,1470,0,12.5,False
2022-10-21,2022,10,294,1614,0,12.4,False
2022-10-22,2022,10,295,1643,0,12.3,False
2022-10-23,2022,10,296,1658,0,12.3,False
2022-10-24,2022,10,297,1508,0,12.2,False
2022-10-25,2022,10,298,1526,0,12.1,False
2022-10-26,2022,10,299,1530,0,12.1,False
2022-10-27,2022,10,300,1495,0,12.0,False
2022-10-28,2022,10,301,1538,0,11.9,False
2022-10-29,2022,10,302,1479,0,11.9,False
2022-10-30,2022,10,303,1471,0,11.8,False
2022-10-31,2022,10,304,1612,0,11.7,False
2022-11-01,2022,11,305,1491,0,11.7,False
2022-11-02,2022,11,306,1481,0,11.6,False
2022-11-03,2022,11,307,1537,0,11.5,False
2022-11-04,2022,11,308,1481,0,11.5,False
2022-11-05,2022,11,309,1488,0,11.4,False
2022-11-06,2022,11,310,1459,0,11.4,False
2022-11-07,2022,11,311,1372,0,11.3,False
2022-11-08,2022,11,312,1456,0,11.2,False
2022-11-09,2022,11,313,1372,0,11.2,False
2022-11-10,2022,11,314,1468,0,11.1,False
2022-11-11,2022,11,315,1364,0,11.1,False
2022-11-12,2022,11,316,1514,0,11.0,False
2022-11-13,2022,11,317,1499,0,11.0,False
2022-11-14,2022,11,318,1462,0,10.9,False
2022-11-15,2022,11,319,1433,0,10.9,False
2022-11-16,2022,11,320,1467,0,10.8,False
2022-11-17,2022,11,321,1294,0,10.8,False
2022-11-18,2022,11,322,1354,0,10.7,False
2022-11-19,2022,11,323,1420,0,10.7,False
2022-11-20,2022,11,324,1453,0,10.6,False
2022-11-21,2022,11,325,1421,0,10.6,False
2022-11-22,2022,11,326,1353,0,10.6,False
2022-11-23,2022,11,327,1432,0,10.5,False
2022-11-24,2022,11,328,1388,0,10.5,False
2022-11-25,2022,11,329,1343,0,10.4,False
2022-11-26,2022,11,330,1441,0,10.4,False
2022-11-27,2022,11,331,1401,0,10.4,False
2022-11-28,2022,11,332,1499,0,10.3,False
2022-11-29,2022,11,333,1459,0,10.3,False
2022-11-30,2022,11,334,1463,0,10.3,False
2022-12-01,2022,12,335,1432,0,5.0,False
2022-12-02,2022,12,336,1349,0,5.1,False
2022-12-03,2022,12,337,1341,0,5.1,False
2022-12-04,2022,12,338,1302,0,5.2,False
2022-12-05,2022,12,339,1607,0,5.3,False
2022-12-06,2022,12,340,1328,0,5.4,False
2022-12-07,2022,12,341,1388,0,5.5,False
2022-12-08,2022,12,342,1377,0,5.6,False
2022-12-09,2022,12,343,1381,0,5.8,False
2022-12-10,2022,12,344,1359,0,5.9,False
2022-12-11,2022,12,345,1269,0,6.1,False
2022-12-12,2022,12,346,1329,0,6.2,False
2022-12-13,2022,12,347,1301,0,6.4,False
2022-12-14,2022,12,348,1389,0,6.6,False
2022-12-15,2022,12,349,1350,0,6.8,False
2022-12-16,2022,12,350,1349,0,7.0,False
2022-12-17,2022,12,351,1412,0,7.2,False
2022-12-18,2022,12,352,1356,0,7.4,False
2022-12-19,2022,12,353,1462,0,7.6,False
2022-12-20,2022,12,354,1370,0,7.8,False
2022-12-21,2022,12,355,1413,0,8.0,False
2022-12-22,2022,12,356,1304,0,8.2,False
2022-12-23,2022,12,357,1443,0,8.4,False
2022-12-24,2022,12,358,1369,0,8.6,False
2022-12-25,2022,12,359,1426,0,8.8,False
2022-12-26,2022,12,360,1421,0,9.0,False
2022-12-27,2022,12,361,1387,0,9.2,False
2022-12-28,2022,12,362,1415,0,9.4,False
2022-12-29,2022,12,363,1373,0,9.6,False
2022-12-30,2022,12,364,1495,0,9.8,False
2022-12-31,2022,12,365,1467,0,9.9,False
2023-01-01,2023,1,1,1436,0,9.2,False
2023-01-02,2023,1,2,1320,0,9.4,False
2023-01-03,2023,1,3,1327,0,9.6,False
2023-01-04,2023,1,4,1359,0,9.8,False
2023-01-05,2023,1,5,1389,0,9.9,False
2023-01-06,2023,1,6,1439,0,10.1,False
2023-01-07,2023,1,7,1346,0,10.2,False
2023-01-08,2023,1,8,1493,0,10.4,False
2023-01-09,2023,1,9,1412,0,10.5,False
2023-01-10,2023,1,10,1271,0,10.6,False
2023-01-11,2023,1,11,1381,0,10.7,False
2023-01-12,2023,1,12,1233,0,10.8,False
2023-01-13,2023,1,13,1365,0,10.9,False
2023-01-14,2023,1,14,1381,0,10.9,False
2023-01-15,2023,1,15,1378,0,11.0,False
2023-01-16,2023,1,16,1400,0,11.0,False
2023-01-17,2023,1,17,1397,0,11.0,False
2023-01-18,2023,1,18,1385,0,11.0,False
2023-01-19,2023,1,19,1537,0,11.0,False
2023-01-20,2023,1,20,1519,0,11.0,False
2023-01-21,2023,1,21,1352,0,10.9,False
2023-01-22,2023,1,22,1526,0,10.9,False
2023-01-23,2023,1,23,1322,0,10.8,False
2023-01-24,2023,1,24,1382,0,10.7,False
2023-01-25,2023,1,25,1553,0,10.6,False
2023-01-26,2023,1,26,1284,0,10.5,False
2023-01-27,2023,1,27,1490,0,10.4,False
2023-01-28,2023,1,28,1360,0,10.2,False
2023-01-29,2023,1,29,1443,0,10.1,False
2023-01-30,2023,1,30,1443,0,9.9,False
2023-01-31,2023,1,31,1583,0,9.8,False
2023-02-01,2023,2,32,1403,0,9.6,False
2023-02-02,2023,2,33,1460,0,9.4,False
2023-02-03,2023,2,34,1514,0,9.2,False
2023-02-04,2023,2,35,1452,0,9.0,False
2023-02-05,2023,2,36,1413,0,8.8,False
2023-02-06,2023,2,37,1473,0,8.6,False
2023-02-07,2023,2,38,1487,0,8.4,False
2023-02-08,2023,2,39,1549,0,8.2,False
2023-02-09,2023,2,40,1417,0,8.0,False
2023-02-10,2023,2,41,1457,0,7.8,False
2023-02-11,2023,2,42,1518,0,7.6,False
2023-02-12,2023,2,43,1484,0,7.4,False
2023-02-13,2023,2,44,1486,0,7.2,False
2023-02-14,2023,2,45,1502,0,7.0,False
2023-02-15,2023,2,46,1455,0,6.8,False
2023-02-16,2023,2,47,1450,0,6.6,False
2023-02-17,2023,2,48,1548,0,6.4,False
2023-02-18,2023,2,49,1435,0,6.2,False
2023-02-19,2023,2,50,1610,0,6.1,False
2023-02-20,2023,2,51,1542,0,5.9,False
2023-02-21,2023,2,52,1432,0,5.8,False
2023-02-22,2023,2,53,1555,0,5.6,False
2023-02-23,2023,2,54,1550,0,5.5,False
2023-02-24,2023,2,55,1599,0,5.4,False
2023-02-25,2023,2,56,1634,0,5.3,False
2023-02-26,2023,2,57,1520,0,5.2,False
2023-02-27,2023,2,58,1497,0,5.1,False
2023-02-28,2023,2,59,1509,0,5.1,False
2023-03-01,2023,3,60,1484,0,13.3,False
2023-03-02,2023,3,61,1506,0,13.4,False
2023-03-03,2023,3,62,1591,0,13.5,False
2023-03-04,2023,3,63,1574,0,13.6,False
2023-03-05,2023,3,64,1538,0,13.6,False
2023-03-06,2023,3,65,1522,0,13.7,False
2023-03-07,2023,3,66,1612,0,13.8,False
2023-03-08,2023,3,67,1549,0,13.9,False
2023-03-09,2023,3,68,1510,0,14.0,False
2023-03-10,2023,3,69,1585,0,14.1,False
2023-03-11,2023,3,70,1580,0,14.1,False
2023-03-12,2023,3,71,1520,0,14.2,False
2023-03-13,2023,3,72,1676,0,14.3,False
2023-03-14,2023,3,73,1682,0,14.4,False
2023-03-15,2023,3,74,1621,0,14.5,False
2023-03-16,2023,3,75,1633,0,14.6,False
2023-03-17,2023,3,76,1669,0,14.7,False
2023-03-18,2023,3,77,1628,0,14.7,False
2023-03-19,2023,3,78,1708,0,14.8,False
2023-03-20,2023,3,79,1775,0,14.9,False
2023-03-21,2023,3,80,1650,0,15.0,False
2023-03-22,2023,3,81,1684,0,15.1,False
2023-03-23,2023,3,82,1724,0,15.2,False
2023-03-24,2023,3,83,1628,0,15.3,False
2023-03-25,2023,3,84,1567,0,15.3,False
2023-03-26,2023,3,85,1740,0,15.4,False
2023-03-27,2023,3,86,1538,0,15.5,False
2023-03-28,2023,3,87,1823,0,15.6,False
2023-03-29,2023,3,88,1750,0,15.7,False
2023-03-30,2023,3,89,1697,0,15.8,False
2023-03-31,2023,3,90,1690,0,15.9,False
2023-04-01,2023,4,91,1838,0,15.9,False
2023-04-02,2023,4,92,1614,0,16.0,False
2023-04-03,2023,4,93,1600,0,16.1,False
2023-04-04,2023,4,94,1651,0,16.2,False
2023-04-05,2023,4,95,1684,0,16.3,False
2023-04-06,2023,4,96,1624,0,16.4,False
2023-04-07,2023,4,97,1728,0,16.4,False
2023-04-08,2023,4,98,1730,0,16.5,False
2023-04-09,2023,4,99,1653,0,16.6,False
2023-04-10,2023,4,100,1865,0,16.7,False
2023-04-11,2023,4,101,1610,0,16.8,False
2023-04-12,2023,4,102,1624,0,16.8,False
2023-04-13,2023,4,103,1771,0,16.9,False
2023-04-14,2023,4,104,1724,0,17.0,False
2023-04-15,2023,4,105,1783,0,17.1,False
2023-04-16,2023,4,106,1696,0,17.2,False
2023-04-17,2023,4,107,1663,0,17.2,False
2023-04-18,2023,4,108,1701,0,17.3,False
2023-04-19,2023,4,109,1701,0,17.4,False
2023-04-20,2023,4,110,1812,0,17.5,False
2023-04-21,2023,4,111,1726,0,17.5,False
2023-04-22,2023,4,112,1840,0,17.6,False
2023-04-23,2023,4,113,1828,0,17.7,False
2023-04-24,2023,4,114,1872,0,17.8,False
2023-04-25,2023,4,115,1864,0,17.8,False
2023-04-26,2023,4,116,1857,0,17.9,False
2023-04-27,2023,4,117,1859,0,18.0,False
2023-04-28,2023,4,118,1747,0,18.0,False
2023-04-29,2023,4,119,1773,0,18.1,False
2023-04-30,2023,4,120,1635,0,18.2,False
2023-05-01,2023,5,121,1830,0,18.2,False
2023-05-02,2023,5,122,1746,0,18.3,False
2023-05-03,2023,5,123,1846,0,18.4,False
2023-05-04,2023,5,124,1861,0,18.4,False
2023-05-05,2023,5,125,1693,0,18.5,False
2023-05-06,2023,5,126,1727,0,18.6,False
2023-05-07,2023,5,127,1790,0,18.6,False
2023-05-08,2023,5,128,1778,0,18.7,False
2023-05-09,2023,5,129,1843,0,18.7,False
2023-05-10,2023,5,130,1725,0,18.8,False
2023-05-11,2023,5,131,1838,0,18.8,False
2023-05-12,2023,5,132,1681,0,18.9,False
2023-05-13,2023,5,133,1640,0,19.0,False
2023-05-14,2023,5,134,1907,0,19.0,False
2023-05-15,2023,5,135,1723,0,19.1,False
2023-05-16,2023,5,136,1794,0,19.1,False
2023-05-17,2023,5,137,1717,0,19.2,False
2023-05-18,2023,5,138,1720,0,19.2,False
2023-05-19,2023,5,139,1816,0,19.2,False
2023-05-20,2023,5,140,1817,0,19.3,False
2023-05-21,2023,5,141,1949,0,19.3,False
2023-05-22,2023,5,142,1901,0,19.4,False
2023-05-23,2023,5,143,1837,0,19.4,False
2023-05-24,2023,5,144,1934,0,19.5,False
2023-05-25,2023,5,145,1970,0,19.5,False
2023-05-26,2023,5,146,1906,0,19.5,False
2023-05-27,2023,5,147,1831,0,19.6,False
2023-05-28,2023,5,148,1966,0,19.6,False
2023-05-29,2023,5,149,2038,0,19.6,False
2023-05-30,2023,5,150,1936,0,19.7,False
2023-05-31,2023,5,151,2041,0,19.7,False
2023-06-01,2023,6,152,1964,0,20.1,False
2023-06-02,2023,6,153,1958,0,20.2,False
2023-06-03,2023,6,154,1777,0,20.3,False
2023-06-04,2023,6,155,1776,0,20.4,False
2023-06-05,2023,6,156,1877,0,20.6,False
2023-06-06,2023,6,157,1726,0,20.7,False
2023-06-07,2023,6,158,1828,0,20.9,False
2023-06-08,2023,6,159,1966,0,21.1,False
2023-06-09,2023,6,160,1823,0,21.3,False
2023-06-10,2023,6,161,1937,0,21.6,False
2023-06-11,2023,6,162,1759,0,21.8,False
2023-06-12,2023,6,163,1841,0,22.1,False
2023-06-13,2023,6,164,1985,0,22.4,False
2023-06-14,2023,6,165,1908,0,22.7,False
2023-06-15,2023,6,166,1917,0,23.0,False
2023-06-16,2023,6,167,2051,0,23.3,False
2023-06-17,2023,6,168,2012,0,23.7,False
2023-06-18,2023,6,169,1807,0,24.0,False
2023-06-19,2023,6,170,2015,0,24.3,False
2023-06-20,2023,6,171,1832,0,24.7,False
2023-06-21,2023,6,172,1888,0,25.0,False
2023-06-22,2023,6,173,1891,0,25.3,False
2023-06-23,2023,6,174,1991,0,25.7,False
2023-06-24,2023,6,175,1783,0,26.0,False
2023-06-25,2023,6,176,1932,0,26.3,False
2023-06-26,2023,6,177,1938,0,26.7,False
2023-06-27,2023,6,178,1965,0,27.0,False
2023-06-28,2023,6,179,1868,0,27.3,False
2023-06-29,2023,6,180,1982,0,27.6,False
2023-06-30,2023,6,181,1819,0,27.9,False
2023-07-01,2023,7,182,1994,0,28.2,True
2023-07-02,2023,7,183,1932,13,28.4,True
2023-07-03,2023,7,184,1778,27,28.7,True
2023-07-04,2023,7,185,1963,40,28.9,True
2023-07-05,2023,7,186,1953,53,29.1,True
2023-07-06,2023,7,187,1912,65,29.3,True
2023-07-07,2023,7,188,1885,77,29.4,True
2023-07-08,2023,7,189,1943,88,29.6,True
2023-07-09,2023,7,190,1833,97,29.7,True
2023-07-10,2023,7,191,2150,106,29.8,True
2023-07-11,2023,7,192,1876,113,29.9,True
2023-07-12,2023,7,193,1927,119,30.0,True
2023-07-13,2023,7,194,2110,124,30.0,True
2023-07-14,2023,7,195,2056,128,30.0,True
2023-07-15,2023,7,196,2070,130,30.0,True
2023-07-16,2023,7,197,2148,130,30.0,True
2023-07-17,2023,7,198,1963,129,29.9,True
2023-07-18,2023,7,199,1886,127,29.8,True
2023-07-19,2023,7,200,2068,123,29.7,True
2023-07-20,2023,7,201,2056,118,29.6,True
2023-07-21,2023,7,202,1937,112,29.4,True
2023-07-22,2023,7,203,1835,105,29.3,True
2023-07-23,2023,7,204,2069,96,29.1,True
2023-07-24,2023,7,205,1992,86,28.9,True
2023-07-25,2023,7,206,1791,76,28.7,True
2023-07-26,2023,7,207,1984,64,28.4,True
2023-07-27,2023,7,208,1758,52,28.2,True
2023-07-28,2023,7,209,1834,39,27.9,True
2023-07-29,2023,7,210,1759,26,27.6,True
2023-07-30,2023,7,211,1789,13,27.3,True
2023-07-31,2023,7,212,1756,0,27.0,True
2023-08-01,2023,8,213,1773,0,26.7,False
2023-08-02,2023,8,214,1892,0,26.3,False
2023-08-03,2023,8,215,1850,0,26.0,False
2023-08-04,2023,8,216,1878,0,25.7,False
2023-08-05,2023,8,217,1917,0,25.3,False
2023-08-06,2023,8,218,1781,0,25.0,False
2023-08-07,2023,8,219,1819,0,24.7,False
2023-08-08,2023,8,220,1857,0,24.3,False
2023-08-09,2023,8,221,1959,0,24.0,False
2023-08-10,2023,8,222,1883,0,23.7,False
2023-08-11,2023,8,223,1923,0,23.3,False
2023-08-12,2023,8,224,1887,0,23.0,False
2023-08-13,2023,8,225,1887,0,22.7,False
2023-08-14,2023,8,226,1629,0,22.4,False
2023-08-15,2023,8,227,1864,0,22.1,False
2023-08-16,2023,8,228,1800,0,21.8,False
2023-08-17,2023,8,229,1783,0,21.6,False
2023-08-18,2023,8,230,1728,0,21.3,False
2023-08-19,2023,8,231,1733,0,21.1,False
2023-08-20,2023,8,232,1804,0,20.9,False
2023-08-21,2023,8,233,1837,0,20.7,False
2023-08-22,2023,8,234,1628,0,20.6,False
2023-08-23,2023,8,235,1775,0,20.4,False
2023-08-24,2023,8,236,1703,0,20.3,False
2023-08-25,2023,8,237,1665,0,20.2,False
2023-08-26,2023,8,238,1779,0,20.1,False
2023-08-27,2023,8,239,1712,0,20.0,False
2023-08-28,2023,8,240,1679,0,20.0,False
2023-08-29,2023,8,241,1666,0,20.0,False
2023-08-30,2023,8,242,1753,0,20.0,False
2023-08-31,2023,8,243,1724,0,20.0,False
2023-09-01,2023,9,244,1627,0,16.6,False
2023-09-02,2023,9,245,1644,0,16.5,False
2023-09-03,2023,9,246,1697,0,16.4,False
2023-09-04,2023,9,247,1743,0,16.3,False
2023-09-05,2023,9,248,1615,0,16.2,False
2023-09-06,2023,9,249,1742,0,16.2,False
2023-09-07,2023,9,250,1626,0,16.1,False
2023-09-08,2023,9,251,1923,0,16.0,False
2023-09-09,2023,9,252,1608,0,15.9,False
2023-09-10,2023,9,253,1617,0,15.8,False
2023-09-11,2023,9,254,1696,0,15.7,False
2023-09-12,2023,9,255,1600,0,15.6,False
2023-09-13,2023,9,256,1740,0,15.6,False
2023-09-14,2023,9,257,1817,0,15.5,False
2023-09-15,2023,9,258,1630,0,15.4,False
2023-09-16,2023,9,259,1673,0,15.3,False
2023-09-17,2023,9,260,1611,0,15.2,False
2023-09-18,2023,9,261,1650,0,15.1,False
2023-09-19,2023,9,262,1763,0,15.0,False
2023-09-20,2023,9,263,1715,0,15.0,False
2023-09-21,2023,9,264,1563,0,14.9,False
2023-09-22,2023,9,265,1759,0,14.8,False
2023-09-23,2023,9,266,1723,0,14.7,False
2023-09-24,2023,9,267,1664,0,14.6,False
2023-09-25,2023,9,268,1567,0,14.5,False
2023-09-26,2023,9,269,1621,0,14.4,False
2023-09-27,2023,9,270,1548,0,14.4,False
2023-09-28,2023,9,271,1645,0,14.3,False
2023-09-29,2023,9,272,1578,0,14.2,False
2023-09-30,2023,9,273,1420,0,14.1,False
2023-10-01,2023,10,274,1669,0,14.0,False
2023-10-02,2023,10,275,1606,0,13.9,False
2023-10-03,2023,10,276,1672,0,13.8,False
2023-10-04,2023,10,277,1572,0,13.8,False
2023-10-05,2023,10,278,1593,0,13.7,False
2023-10-06,2023,10,279,1662,0,13.6,False
2023-10-07,2023,10,280,1601,0,13.5,False
2023-10-08,2023,10,281,1589,0,13.4,False
2023-10-09,2023,10,282,1813,0,13.4,False
2023-10-10,2023,10,283,1545,0,13.3,False
2023-10-11,2023,10,284,1567,0,13.2,False
2023-10-12,2023,10,285,1685,0,13.1,False
2023-10-13,2023,10,286,1484,0,13.0,False
2023-10-14,2023,10,287,1462,0,13.0,False
2023-10-15,2023,10,288,1428,0,12.9,False
2023-10-16,2023,10,289,1576,0,12.8,False
2023-10-17,2023,10,290,1579,0,12.7,False
2023-10-18,2023,10,291,1584,0,12.6,False
2023-10-19,2023,10,292,1420,0,12.6,False
2023-10-20,2023,10,293,1596,0,12.5,False
2023-10-21,2023,10,294,1607,0,12.4,False
2023-10-22,2023,10,295,1505,0,12.3,False
2023-10-23,2023,10,296,1512,0,12.3,False
2023-10-24,2023,10,297,1556,0,12.2,False
2023-10-25,2023,10,298,1530,0,12.1,False
2023-10-26,2023,10,299,1547,0,12.1,False
2023-10-27,2023,10,300,1414,0,12.0,False
2023-10-28,2023,10,301,1479,0,11.9,False
2023-10-29,2023,10,302,1398,0,11.9,False
2023-10-30,2023,10,303,1532,0,11.8,False
2023-10-31,2023,10,304,1521,0,11.7,False
2023-11-01,2023,11,305,1471,0,11.7,False
2023-11-02,2023,11,306,1498,0,11.6,False
2023-11-03,2023,11,307,1358,0,11.5,False
2023-11-04,2023,11,308,1533,0,11.5,False
2023-11-05,2023,11,309,1432,0,11.4,False
2023-11-06,2023,11,310,1473,0,11.4,False
2023-11-07,2023,11,311,1542,0,11.3,False
2023-11-08,2023,11,312,1403,0,11.2,False
2023-11-09,2023,11,313,1542,0,11.2,False
2023-11-10,2023,11,314,1461,0,11.1,False
2023-11-11,2023,11,315,1452,0,11.1,False
2023-11-12,2023,11,316,1487,0,11.0,False
2023-11-13,2023,11,317,1355,0,11.0,False
2023-11-14,2023,11,318,1485,0,10.9,False
2023-11-15,2023,11,319,1444,0,10.9,False
2023-11-16,2023,11,320,1512,0,10.8,False
2023-11-17,2023,11,321,1419,0,10.8,False
2023-11-18,2023,11,322,1407,0,10.7,False
2023-11-19,2023,11,323,1457,0,10.7,False
2023-11-20,2023,11,324,1424,0,10.6,False
2023-11-21,2023,11,325,1343,0,10.6,False
2023-11-22,2023,11,326,1411,0,10.6,False
2023-11-23,2023,11,327,1513,0,10.5,False
2023-11-24,2023,11,328,1414,0,10.5,False
2023-11-25,2023,11,329,1357,0,10.4,False
2023-11-26,2023,11,330,1468,0,10.4,False
2023-11-27,2023,11,331,1284,0,10.4,False
2023-11-28,2023,11,332,1264,0,10.3,False
2023-11-29,2023,11,333,1412,0,10.3,False
2023-11-30,2023,11,334,1424,0,10.3,False
2023-12-01,2023,12,335,1425,0,5.0,False
2023-12-02,2023,12,336,1345,0,5.1,False
2023-12-03,2023,12,337,1396,0,5.1,False
2023-12-04,2023,12,338,1308,0,5.2,False
2023-12-05,2023,12,339,1420,0,5.3,False
2023-12-06,2023,12,340,1290,0,5.4,False
2023-12-07,2023,12,341,1392,0,5.5,False
2023-12-08,2023,12,342,1420,0,5.6,False
2023-12-09,2023,12,343,1278,0,5.8,False
2023-12-10,2023,12,344,1364,0,5.9,False
2023-12-11,2023,12,345,1455,0,6.1,False
2023-12-12,2023,12,346,1507,0,6.2,False
2023-12-13,2023,12,347,1293,0,6.4,False
2023-12-14,2023,12,348,1422,0,6.6,False
2023-12-15,2023,12,349,1311,0,6.8,False
2023-12-16,2023,12,350,1303,0,7.0,False
2023-12-17,2023,12,351,1509,0,7.2,False
2023-12-18,2023,12,352,1444,0,7.4,False
2023-12-19,2023,12,353,1341,0,7.6,False
2023-12-20,2023,12,354,1412,0,7.8,False
2023-12-21,2023,12,355,1442,0,8.0,False
2023-12-22,2023,12,356,1410,0,8.2,False
2023-12-23,2023,12,357,1554,0,8.4,False
2023-12-24,2023,12,358,1440,0,8.6,False
2023-12-25,2023,12,359,1189,0,8.8,False
2023-12-26,2023,12,360,1378,0,9.0,False
2023-12-27,2023,12,361,1347,0,9.2,False
2023-12-28,2023,12,362,1385,0,9.4,False
2023-12-29,2023,12,363,1401,0,9.6,False
2023-12-30,2023,12,364,1355,0,9.8,False
2023-12-31,2023,12,365,1325,0,9.9,False
2024-01-01,2024,1,1,1498,0,9.2,False
2024-01-02,2024,1,2,1445,0,9.4,False
2024-01-03,2024,1,3,1357,0,9.6,False
2024-01-04,2024,1,4,1453,0,9.8,False
2024-01-05,2024,1,5,1454,0,9.9,False
2024-01-06,2024,1,6,1497,0,10.1,False
2024-01-07,2024,1,7,1335,0,10.2,False
2024-01-08,2024,1,8,1465,0,10.4,False
2024-01-09,2024,1,9,1369,0,10.5,False
2024-01-10,2024,1,10,1495,0,10.6,False
2024-01-11,2024,1,11,1401,0,10.7,False
2024-01-12,2024,1,12,1255,0,10.8,False
2024-01-13,2024,1,13,1421,0,10.9,False
2024-01-14,2024,1,14,1293,0,10.9,False
2024-01-15,2024,1,15,1406,0,11.0,False
2024-01-16,2024,1,16,1419,0,11.0,False
2024-01-17,2024,1,17,1397,0,11.0,False
2024-01-18,2024,1,18,1321,0,11.0,False
2024-01-19,2024,1,19,1350,0,11.0,False
2024-01-20,2024,1,20,1371,0,11.0,False
2024-01-21,2024,1,21,1416,0,10.9,False
2024-01-22,2024,1,22,1529,0,10.9,False
2024-01-23,2024,1,23,1490,0,10.8,False
2024-01-24,2024,1,24,1407,0,10.7,False
2024-01-25,2024,1,25,1535,0,10.6,False
2024-01-26,2024,1,26,1347,0,10.5,False
2024-01-27,2024,1,27,1498,0,10.4,False
2024-01-28,2024,1,28,1438,0,10.2,False
2024-01-29,2024,1,29,1471,0,10.1,False
2024-01-30,2024,1,30,1503,0,9.9,False
2024-01-31,2024,1,31,1410,0,9.8,False
2024-02-01,2024,2,32,1521,0,9.6,False
2024-02-02,2024,2,33,1464,0,9.4,False
2024-02-03,2024,2,34,1645,0,9.2,False
2024-02-04,2024,2,35,1449,0,9.0,False
2024-02-05,2024,2,36,1568,0,8.8,False
2024-02-06,2024,2,37,1525,0,8.6,False
2024-02-07,2024,2,38,1393,0,8.4,False
2024-02-08,2024,2,39,1585,0,8.2,False
2024-02-09,2024,2,40,1408,0,8.0,False
2024-02-10,2024,2,41,1324,0,7.8,False
2024-02-11,2024,2,42,1557,0,7.6,False
2024-02-12,2024,2,43,1577,0,7.4,False
2024-02-13,2024,2,44,1504,0,7.2,False
2024-02-14,2024,2,45,1484,0,7.0,False
2024-02-15,2024,2,46,1627,0,6.8,False
2024-02-16,2024,2,47,1565,0,6.6,False
2024-02-17,2024,2,48,1465,0,6.4,False
2024-02-18,2024,2,49,1574,0,6.2,False
2024-02-19,2024,2,50,1427,0,6.1,False
2024-02-20,2024,2,51,1483,0,5.9,False
2024-02-21,2024,2,52,1449,0,5.8,False
2024-02-22,2024,2,53,1364,0,5.6,False
2024-02-23,2024,2,54,1446,0,5.5,False
2024-02-24,2024,2,55,1635,0,5.4,False
2024-02-25,2024,2,56,1460,0,5.3,False
2024-02-26,2024,2,57,1506,0,5.2,False
2024-02-27,2024,2,58,1462,0,5.1,False
2024-02-28,2024,2,59,1624,0,5.1,False
2024-02-29,2024,2,60,1560,0,5.0,False
2024-03-01,2024,3,61,1603,0,13.4,False
2024-03-02,2024,3,62,1560,0,13.5,False
2024-03-03,2024,3,63,1480,0,13.6,False
2024-03-04,2024,3,64,1500,0,13.6,False
2024-03-05,2024,3,65,1647,0,13.7,False
2024-03-06,2024,3,66,1580,0,13.8,False
2024-03-07,2024,3,67,1650,0,13.9,False
2024-03-08,2024,3,68,1341,0,14.0,False
2024-03-09,2024,3,69,1686,0,14.1,False
2024-03-10,2024,3,70,1562,0,14.1,False
2024-03-11,2024,3,71,1780,0,14.2,False
2024-03-12,2024,3,72,1569,0,14.3,False
2024-03-13,2024,3,73,1616,0,14.4,False
2024-03-14,2024,3,74,1672,0,14.5,False
2024-03-15,2024,3,75,1551,0,14.6,False
2024-03-16,2024,3,76,1698,0,14.7,False
2024-03-17,2024,3,77,1578,0,14.7,False
2024-03-18,2024,3,78,1740,0,14.8,False
2024-03-19,2024,3,79,1704,0,14.9,False
2024-03-20,2024,3,80,1684,0,15.0,False
2024-03-21,2024,3,81,1588,0,15.1,False
2024-03-22,2024,3,82,1635,0,15.2,False
2024-03-23,2024,3,83,1681,0,15.3,False
2024-03-24,2024,3,84,1492,0,15.3,False
2024-03-25,2024,3,85,1619,0,15.4,False
2024-03-26,2024,3,86,1747,0,15.5,False
2024-03-27,2024,3,87,1567,0,15.6,False
2024-03-28,2024,3,88,1785,0,15.7,False
2024-03-29,2024,3,89,1629,0,15.8,False
2024-03-30,2024,3,90,1713,0,15.9,False
2024-03-31,2024,3,91,1593,0,15.9,False
2024-04-01,2024,4,92,1735,0,16.0,False
2024-04-02,2024,4,93,1738,0,16.1,False
2024-04-03,2024,4,94,1799,0,16.2,False
2024-04-04,2024,4,95,1822,0,16.3,False
2024-04-05,2024,4,96,1818,0,16.4,False
2024-04-06,2024,4,97,1733,0,16.4,False
2024-04-07,2024,4,98,1613,0,16.5,False
2024-04-08,2024,4,99,1837,0,16.6,False
2024-04-09,2024,4,100,1614,0,16.7,False
2024-04-10,2024,4,101,1693,0,16.8,False
2024-04-11,2024,4,102,1799,0,16.8,False
2024-04-12,2024,4,103,1777,0,16.9,False
2024-04-13,2024,4,104,1881,0,17.0,False
2024-04-14,2024,4,105,1746,0,17.1,False
2024-04-15,2024,4,106,1602,0,17.2,False
2024-04-16,2024,4,107,1730,0,17.2,False
2024-04-17,2024,4,108,1773,0,17.3,False
2024-04-18,2024,4,109,1731,0,17.4,False
2024-04-19,2024,4,110,1890,0,17.5,False
2024-04-20,2024,4,111,1747,0,17.5,False
2024-04-21,2024,4,112,1645,0,17.6,False
2024-04-22,2024,4,113,1818,0,17.7,False
2024-04-23,2024,4,114,1678,0,17.8,False
2024-04-24,2024,4,115,1935,0,17.8,False
2024-04-25,2024,4,116,1811,0,17.9,False
2024-04-26,2024,4,117,1665,0,18.0,False
2024-04-27,2024,4,118,1890,0,18.0,False
2024-04-28,2024,4,119,2010,0,18.1,False
2024-04-29,2024,4,120,1620,0,18.2,False
2024-04-30,2024,4,121,1885,0,18.2,False
2024-05-01,2024,5,122,1850,0,18.3,False
2024-05-02,2024,5,123,1826,0,18.4,False
2024-05-03,2024,5,124,1844,0,18.4,False
2024-05-04,2024,5,125,1861,0,18.5,False
2024-05-05,2024,5,126,1756,0,18.6,False
2024-05-06,2024,5,127,1951,0,18.6,False
2024-05-07,2024,5,128,1702,0,18.7,False
2024-05-08,2024,5,129,2007,0,18.7,False
2024-05-09,2024,5,130,1970,0,18.8,False
2024-05-10,2024,5,131,1724,0,18.8,False
2024-05-11,2024,5,132,1835,0,18.9,False
2024-05-12,2024,5,133,1969,0,19.0,False
2024-05-13,2024,5,134,1796,0,19.0,False
2024-05-14,2024,5,135,1829,0,19.1,False
2024-05-15,2024,5,136,1809,0,19.1,False
2024-05-16,2024,5,137,1956,0,19.2,False
2024-05-17,2024,5,138,1795,0,19.2,False
2024-05-18,2024,5,139,1852,0,19.2,False
2024-05-19,2024,5,140,1905,0,19.3,False
2024-05-20,2024,5,141,1838,0,19.3,False
2024-05-21,2024,5,142,1779,0,19.4,False
2024-05-22,2024,5,143,1737,0,19.4,False
2024-05-23,2024,5,144,1722,0,19.5,False
2024-05-24,2024,5,145,1755,0,19.5,False
2024-05-25,2024,5,146,1706,0,19.5,False
2024-05-26,2024,5,147,1801,0,19.6,False
2024-05-27,2024,5,148,1899,0,19.6,False
2024-05-28,2024,5,149,1877,0,19.6,False
2024-05-29,2024,5,150,1796,0,19.7,False
2024-05-30,2024,5,151,1780,0,19.7,False
2024-05-31,2024,5,152,1783,0,19.7,False
2024-06-01,2024,6,153,1748,0,20.2,False
2024-06-02,2024,6,154,1763,0,20.3,False
2024-06-03,2024,6,155,1948,0,20.4,False
2024-06-04,2024,6,156,1749,0,20.6,False
2024-06-05,2024,6,157,1884,0,20.7,False
2024-06-06,2024,6,158,1825,0,20.9,False
2024-06-07,2024,6,159,2113,0,21.1,False
2024-06-08,2024,6,160,1716,0,21.3,False
2024-06-09,2024,6,161,1905,0,21.6,False
2024-06-10,2024,6,162,1855,0,21.8,False
2024-06-11,2024,6,163,1815,0,22.1,False
2024-06-12,2024,6,164,1918,0,22.4,False
2024-06-13,2024,6,165,1903,0,22.7,False
2024-06-14,2024,6,166,1788,0,23.0,False
2024-06-15,2024,6,167,1930,0,23.3,False
2024-06-16,2024,6,168,1926,0,23.7,False
2024-06-17,2024,6,169,2014,0,24.0,False
2024-06-18,2024,6,170,1832,0,24.3,False
2024-06-19,2024,6,171,2029,0,24.7,False
2024-06-20,2024,6,172,1871,0,25.0,False
2024-06-21,2024,6,173,1703,0,25.3,False
2024-06-22,2024,6,174,1939,0,25.7,False
2024-06-23,2024,6,175,1882,0,26.0,False
2024-06-24,2024,6,176,1806,0,26.3,False
2024-06-25,2024,6,177,1977,0,26.7,False
2024-06-26,2024,6,178,1844,0,27.0,False
2024-06-27,2024,6,179,1984,0,27.3,False
2024-06-28,2024,6,180,1880,0,27.6,False
2024-06-29,2024,6,181,1957,0,27.9,False
2024-06-30,2024,6,182,1950,0,28.2,True
2024-07-01,2024,7,183,1950,19,28.4,True
2024-07-02,2024,7,184,1824,38,28.7,True
2024-07-03,2024,7,185,2030,57,28.9,True
2024-07-04,2024,7,186,1961,77,29.1,True
2024-07-05,2024,7,187,2175,95,29.3,True
2024-07-06,2024,7,188,2042,114,29.4,True
2024-07-07,2024,7,189,2087,132,29.6,True
2024-07-08,2024,7,190,1950,150,29.7,True
2024-07-09,2024,7,191,2002,167,29.8,True
2024-07-10,2024,7,192,2069,184,29.9,True
2024-07-11,2024,7,193,1953,201,30.0,True
2024-07-12,2024,7,194,1966,216,30.0,True
2024-07-13,2024,7,195,2091,232,30.0,True
2024-07-14,2024,7,196,2107,246,30.0,True
2024-07-15,2024,7,197,2148,260,30.0,True
2024-07-16,2024,7,198,2258,273,29.9,True
2024-07-17,2024,7,199,2106,286,29.8,True
2024-07-18,2024,7,200,2232,297,29.7,True
2024-07-19,2024,7,201,2151,308,29.6,True
2024-07-20,2024,7,202,2154,318,29.4,True
2024-07-21,2024,7,203,2210,327,29.3,True
2024-07-22,2024,7,204,1961,335,29.1,True
2024-07-23,2024,7,205,2200,342,28.9,True
2024-07-24,2024,7,206,2126,349,28.7,True
2024-07-25,2024,7,207,2097,354,28.4,True
2024-07-26,2024,7,208,1993,358,28.2,True
2024-07-27,2024,7,209,2153,362,27.9,True
2024-07-28,2024,7,210,1995,364,27.6,True
2024-07-29,2024,7,211,2296,365,27.3,True
2024-07-30,2024,7,212,2172,366,27.0,True
2024-07-31,2024,7,213,2010,365,26.7,True
2024-08-01,2024,8,214,2117,364,26.3,True
2024-08-02,2024,8,215,2268,361,26.0,True
2024-08-03,2024,8,216,2114,358,25.7,True
2024-08-04,2024,8,217,2141,353,25.3,True
2024-08-05,2024,8,218,2123,348,25.0,True
2024-08-06,2024,8,219,2140,342,24.7,True
2024-08-07,2024,8,220,1961,335,24.3,True
2024-08-08,2024,8,221,2127,327,24.0,True
2024-08-09,2024,8,222,2061,318,23.7,True
2024-08-10,2024,8,223,2418,308,23.3,True
2024-08-11,2024,8,224,2071,297,23.0,True
2024-08-12,2024,8,225,2031,286,22.7,True
2024-08-13,2024,8,226,2165,274,22.4,True
2024-08-14,2024,8,227,2031,262,22.1,True
2024-08-15,2024,8,228,2056,248,21.8,True
2024-08-16,2024,8,229,1925,234,21.6,True
2024-08-17,2024,8,230,2150,220,21.3,True
2024-08-18,2024,8,231,1914,205,21.1,True
2024-08-19,2024,8,232,1994,189,20.9,True
2024-08-20,2024,8,233,2047,173,20.7,True
2024-08-21,2024,8,234,1888,157,20.6,True
2024-08-22,2024,8,235,1897,140,20.4,True
2024-08-23,2024,8,236,1931,123,20.3,True
2024-08-24,2024,8,237,1918,106,20.2,True
2024-08-25,2024,8,238,1733,88,20.1,True
2024-08-26,2024,8,239,1828,71,20.0,True
2024-08-27,2024,8,240,1705,53,20.0,True
2024-08-28,2024,8,241,1702,35,20.0,True
2024-08-29,2024,8,242,1690,17,20.0,True
2024-08-30,2024,8,243,1830,0,20.0,True
2024-08-31,2024,8,244,1858,0,20.1,False
2024-09-01,2024,9,245,1940,0,16.5,False
2024-09-02,2024,9,246,1708,0,16.4,False
2024-09-03,2024,9,247,1637,0,16.3,False
2024-09-04,2024,9,248,1622,0,16.2,False
2024-09-05,2024,9,249,1837,0,16.2,False
2024-09-06,2024,9,250,1566,0,16.1,False
2024-09-07,2024,9,251,1665,0,16.0,False
2024-09-08,2024,9,252,1640,0,15.9,False
2024-09-09,2024,9,253,1831,0,15.8,False
2024-09-10,2024,9,254,1594,0,15.7,False
2024-09-11,2024,9,255,1768,0,15.6,False
2024-09-12,2024,9,256,1781,0,15.6,False
2024-09-13,2024,9,257,1653,0,15.5,False
2024-09-14,2024,9,258,1701,0,15.4,False
2024-09-15,2024,9,259,1531,0,15.3,False
2024-09-16,2024,9,260,1647,0,15.2,False
2024-09-17,2024,9,261,1632,0,15.1,False
2024-09-18,2024,9,262,1433,0,15.0,False
2024-09-19,2024,9,263,1675,0,15.0,False
2024-09-20,2024,9,264,1666,0,14.9,False
2024-09-21,2024,9,265,1495,0,14.8,False
2024-09-22,2024,9,266,1514,0,14.7,False
2024-09-23,2024,9,267,1564,0,14.6,False
2024-09-24,2024,9,268,1577,0,14.5,False
2024-09-25,2024,9,269,1591,0,14.4,False
2024-09-26,2024,9,270,1535,0,14.4,False
2024-09-27,2024,9,271,1527,0,14.3,False
2024-09-28,2024,9,272,1628,0,14.2,False
2024-09-29,2024,9,273,1561,0,14.1,False
2024-09-30,2024,9,274,1586,0,14.0,False
2024-10-01,2024,10,275,1573,0,13.9,False
2024-10-02,2024,10,276,1623,0,13.8,False
2024-10-03,2024,10,277,1570,0,13.8,False
2024-10-04,2024,10,278,1646,0,13.7,False
2024-10-05,2024,10,279,1583,0,13.6,False
2024-10-06,2024,10,280,1640,0,13.5,False
2024-10-07,2024,10,281,1664,0,13.4,False
2024-10-08,2024,10,282,1448,0,13.4,False
2024-10-09,2024,10,283,1630,0,13.3,False
2024-10-10,2024,10,284,1693,0,13.2,False
2024-10-11,2024,10,285,1475,0,13.1,False
2024-10-12,2024,10,286,1544,0,13.0,False
2024-10-13,2024,10,287,1515,0,13.0,False
2024-10-14,2024,10,288,1573,0,12.9,False
2024-10-15,2024,10,289,1575,0,12.8,False
2024-10-16,2024,10,290,1480,0,12.7,False
2024-10-17,2024,10,291,1628,0,12.6,False
2024-10-18,2024,10,292,1458,0,12.6,False
2024-10-19,2024,10,293,1509,0,12.5,False
2024-10-20,2024,10,294,1594,0,12.4,False
2024-10-21,2024,10,295,1660,0,12.3,False
2024-10-22,2024,10,296,1470,0,12.3,False
2024-10-23,2024,10,297,1564,0,12.2,False
2024-10-24,2024,10,298,1519,0,12.1,False
2024-10-25,2024,10,299,1380,0,12.1,False
2024-10-26,2024,10,300,1424,0,12.0,False
2024-10-27,2024,10,301,1402,0,11.9,False
2024-10-28,2024,10,302,1451,0,11.9,False
2024-10-29,2024,10,303,1454,0,11.8,False
2024-10-30,2024,10,304,1484,0,11.7,False
2024-10-31,2024,10,305,1573,0,11.7,False
2024-11-01,2024,11,306,1507,0,11.6,False
2024-11-02,2024,11,307,1668,0,11.5,False
2024-11-03,2024,11,308,1452,0,11.5,False
2024-11-04,2024,11,309,1524,0,11.4,False
2024-11-05,2024,11,310,1494,0,11.4,False
2024-11-06,2024,11,311,1571,0,11.3,False
2024-11-07,2024,11,312,1430,0,11.2,False
2024-11-08,2024,11,313,1517,0,11.2,False
2024-11-09,2024,11,314,1571,0,11.1,False
2024-11-10,2024,11,315,1397,0,11.1,False
2024-11-11,2024,11,316,1442,0,11.0,False
2024-11-12,2024,11,317,1481,0,11.0,False
2024-11-13,2024,11,318,1411,0,10.9,False
2024-11-14,2024,11,319,1377,0,10.9,False
2024-11-15,2024,11,320,1569,0,10.8,False
2024-11-16,2024,11,321,1419,0,10.8,False
2024-11-17,2024,11,322,1557,0,10.7,False
2024-11-18,2024,11,323,1394,0,10.7,False
2024-11-19,2024,11,324,1414,0,10.6,False
2024-11-20,2024,11,325,1483,0,10.6,False
2024-11-21,2024,11,326,1410,0,10.6,False
2024-11-22,2024,11,327,1359,0,10.5,False
2024-11-23,2024,11,328,1370,0,10.5,False
2024-11-24,2024,11,329,1438,0,10.4,False
2024-11-25,2024,11,330,1370,0,10.4,False
2024-11-26,2024,11,331,1422,0,10.4,False
2024-11-27,2024,11,332,1254,0,10.3,False
2024-11-28,2024,11,333,1373,0,10.3,False
2024-11-29,2024,11,334,1398,0,10.3,False
2024-11-30,2024,11,335,1373,0,10.3,False
2024-12-01,2024,12,336,1338,0,5.1,False
2024-12-02,2024,12,337,1345,0,5.1,False
2024-12-03,2024,12,338,1411,0,5.2,False
2024-12-04,2024,12,339,1509,0,5.3,False
2024-12-05,2024,12,340,1306,0,5.4,False
2024-12-06,2024,12,341,1383,0,5.5,False
2024-12-07,2024,12,342,1470,0,5.6,False
2024-12-08,2024,12,343,1425,0,5.8,False
2024-12-09,2024,12,344,1394,0,5.9,False
2024-12-10,2024,12,345,1368,0,6.1,False
2024-12-11,2024,12,346,1400,0,6.2,False
2024-12-12,2024,12,347,1391,0,6.4,False
2024-12-13,2024,12,348,1245,0,6.6,False
2024-12-14,2024,12,349,1348,0,6.8,False
2024-12-15,2024,12,350,1261,0,7.0,False
2024-12-16,2024,12,351,1487,0,7.2,False
2024-12-17,2024,12,352,1454,0,7.4,False
2024-12-18,2024,12,353,1342,0,7.6,False
2024-12-19,2024,12,354,1453,0,7.8,False
2024-12-20,2024,12,355,1568,0,8.0,False
2024-12-21,2024,12,356,1354,0,8.2,False
2024-12-22,2024,12,357,1488,0,8.4,False
2024-12-23,2024,12,358,1423,0,8.6,False
2024-12-24,2024,12,359,1381,0,8.8,False
2024-12-25,2024,12,360,1321,0,9.0,False
2024-12-26,2024,12,361,1360,0,9.2,False
2024-12-27,2024,12,362,1372,0,9.4,False
2024-12-28,2024,12,363,1238,0,9.6,False
2024-12-29,2024,12,364,1438,0,9.8,False
2024-12-30,2024,12,365,1379,0,9.9,False
2024-12-31,2024,12,366,1435,0,10.1,False
