date,year,month,day_of_year,day_of_week,daily_consumption_gwh,avg_temperature,daily_cost_million_eur
2020-01-01,2020,1,1,2,1106.07,9.2,0.28
2020-01-02,2020,1,2,3,1226.25,9.4,0.31
2020-01-03,2020,1,3,4,1073.54,9.6,0.27
2020-01-04,2020,1,4,5,937.0,9.8,0.23
2020-01-05,2020,1,5,6,987.96,9.9,0.25
2020-01-06,2020,1,6,0,1224.93,10.1,0.31
2020-01-07,2020,1,7,1,1116.63,10.2,0.28
2020-01-08,2020,1,8,2,1220.8,10.4,0.31
2020-01-09,2020,1,9,3,1131.14,10.5,0.28
2020-01-10,2020,1,10,4,1213.74,10.6,0.3
2020-01-11,2020,1,11,5,999.37,10.7,0.25
2020-01-12,2020,1,12,6,1067.49,10.8,0.27
2020-01-13,2020,1,13,0,1243.64,10.9,0.31
2020-01-14,2020,1,14,1,1160.27,10.9,0.29
2020-01-15,2020,1,15,2,1289.73,11.0,0.32
2020-01-16,2020,1,16,3,1146.7,11.0,0.29
2020-01-17,2020,1,17,4,1176.24,11.0,0.29
2020-01-18,2020,1,18,5,1064.04,11.0,0.27
2020-01-19,2020,1,19,6,986.48,11.0,0.25
2020-01-20,2020,1,20,0,1162.53,11.0,0.29
2020-01-21,2020,1,21,1,1187.9,10.9,0.3
2020-01-22,2020,1,22,2,1196.55,10.9,0.3
2020-01-23,2020,1,23,3,1190.8,10.8,0.3
2020-01-24,2020,1,24,4,1146.84,10.7,0.29
2020-01-25,2020,1,25,5,999.01,10.6,0.25
2020-01-26,2020,1,26,6,1007.57,10.5,0.25
2020-01-27,2020,1,27,0,1209.51,10.4,0.3
2020-01-28,2020,1,28,1,1162.23,10.2,0.29
2020-01-29,2020,1,29,2,1100.99,10.1,0.28
2020-01-30,2020,1,30,3,1139.2,9.9,0.28
2020-01-31,2020,1,31,4,1112.99,9.8,0.28
2020-02-01,2020,2,32,5,998.25,9.6,0.25
2020-02-02,2020,2,33,6,908.23,9.4,0.23
2020-02-03,2020,2,34,0,1138.97,9.2,0.28
2020-02-04,2020,2,35,1,1079.4,9.0,0.27
2020-02-05,2020,2,36,2,1152.07,8.8,0.29
2020-02-06,2020,2,37,3,1129.75,8.6,0.28
2020-02-07,2020,2,38,4,1105.76,8.4,0.28
2020-02-08,2020,2,39,5,942.88,8.2,0.24
2020-02-09,2020,2,40,6,914.44,8.0,0.23
2020-02-10,2020,2,41,0,1102.71,7.8,0.28
2020-02-11,2020,2,42,1,1073.14,7.6,0.27
2020-02-12,2020,2,43,2,1092.1,7.4,0.27
2020-02-13,2020,2,44,3,1064.45,7.2,0.27
2020-02-14,2020,2,45,4,977.91,7.0,0.24
2020-02-15,2020,2,46,5,879.26,6.8,0.22
2020-02-16,2020,2,47,6,928.49,6.6,0.23
2020-02-17,2020,2,48,0,1084.37,6.4,0.27
2020-02-18,2020,2,49,1,1036.83,6.2,0.26
2020-02-19,2020,2,50,2,1024.42,6.1,0.26
2020-02-20,2020,2,51,3,1012.99,5.9,0.25
2020-02-21,2020,2,52,4,1037.81,5.8,0.26
2020-02-22,2020,2,53,5,876.97,5.6,0.22
2020-02-23,2020,2,54,6,833.32,5.5,0.21
2020-02-24,2020,2,55,0,1026.32,5.4,0.26
2020-02-25,2020,2,56,1,1040.15,5.3,0.26
2020-02-26,2020,2,57,2,971.52,5.2,0.24
2020-02-27,2020,2,58,3,992.16,5.1,0.25
2020-02-28,2020,2,59,4,1009.64,5.1,0.25
2020-02-29,2020,2,60,5,863.49,5.0,0.22
2020-03-01,2020,3,61,6,731.83,13.4,0.18
2020-03-02,2020,3,62,0,859.68,13.5,0.21
2020-03-03,2020,3,63,1,862.92,13.6,0.22
2020-03-04,2020,3,64,2,886.8,13.6,0.22
2020-03-05,2020,3,65,3,889.55,13.7,0.22
2020-03-06,2020,3,66,4,879.31,13.8,0.22
2020-03-07,2020,3,67,5,718.54,13.9,0.18
2020-03-08,2020,3,68,6,726.02,14.0,0.18
2020-03-09,2020,3,69,0,901.52,14.1,0.23
2020-03-10,2020,3,70,1,853.76,14.1,0.21
2020-03-11,2020,3,71,2,893.87,14.2,0.22
2020-03-12,2020,3,72,3,879.83,14.3,0.22
2020-03-13,2020,3,73,4,874.98,14.4,0.22
2020-03-14,2020,3,74,5,759.41,14.5,0.19
2020-03-15,2020,3,75,6,798.41,14.6,0.2
2020-03-16,2020,3,76,0,903.73,14.7,0.23
2020-03-17,2020,3,77,1,889.63,14.7,0.22
2020-03-18,2020,3,78,2,859.48,14.8,0.21
2020-03-19,2020,3,79,3,914.71,14.9,0.23
2020-03-20,2020,3,80,4,933.28,15.0,0.23
2020-03-21,2020,3,81,5,782.52,15.1,0.2
2020-03-22,2020,3,82,6,796.83,15.2,0.2
2020-03-23,2020,3,83,0,920.38,15.3,0.23
2020-03-24,2020,3,84,1,873.49,15.3,0.22
2020-03-25,2020,3,85,2,909.44,15.4,0.23
2020-03-26,2020,3,86,3,926.66,15.5,0.23
2020-03-27,2020,3,87,4,933.69,15.6,0.23
2020-03-28,2020,3,88,5,766.7,15.7,0.19
2020-03-29,2020,3,89,6,778.1,15.8,0.19
2020-03-30,2020,3,90,0,928.86,15.9,0.23
2020-03-31,2020,3,91,1,955.48,15.9,0.24
2020-04-01,2020,4,92,2,949.79,16.0,0.24
2020-04-02,2020,4,93,3,941.49,16.1,0.24
2020-04-03,2020,4,94,4,936.17,16.2,0.23
2020-04-04,2020,4,95,5,763.51,16.3,0.19
2020-04-05,2020,4,96,6,763.02,16.4,0.19
2020-04-06,2020,4,97,0,927.34,16.4,0.23
2020-04-07,2020,4,98,1,960.57,16.5,0.24
2020-04-08,2020,4,99,2,944.09,16.6,0.24
2020-04-09,2020,4,100,3,950.3,16.7,0.24
2020-04-10,2020,4,101,4,893.93,16.8,0.22
2020-04-11,2020,4,102,5,762.03,16.8,0.19
2020-04-12,2020,4,103,6,825.09,16.9,0.21
2020-04-13,2020,4,104,0,939.66,17.0,0.23
2020-04-14,2020,4,105,1,905.0,17.1,0.23
2020-04-15,2020,4,106,2,968.59,17.2,0.24
2020-04-16,2020,4,107,3,952.4,17.2,0.24
2020-04-17,2020,4,108,4,1030.35,17.3,0.26
2020-04-18,2020,4,109,5,836.0,17.4,0.21
2020-04-19,2020,4,110,6,815.39,17.5,0.2
2020-04-20,2020,4,111,0,946.51,17.5,0.24
2020-04-21,2020,4,112,1,958.86,17.6,0.24
2020-04-22,2020,4,113,2,950.67,17.7,0.24
2020-04-23,2020,4,114,3,913.76,17.8,0.23
2020-04-24,2020,4,115,4,982.95,17.8,0.25
2020-04-25,2020,4,116,5,820.74,17.9,0.21
2020-04-26,2020,4,117,6,747.78,18.0,0.19
2020-04-27,2020,4,118,0,942.0,18.0,0.24
2020-04-28,2020,4,119,1,937.69,18.1,0.23
2020-04-29,2020,4,120,2,991.2,18.2,0.25
2020-04-30,2020,4,121,3,962.85,18.2,0.24
2020-05-01,2020,5,122,4,1008.43,18.3,0.25
2020-05-02,2020,5,123,5,782.36,18.4,0.2
2020-05-03,2020,5,124,6,796.06,18.4,0.2
2020-05-04,2020,5,125,0,999.97,18.5,0.25
2020-05-05,2020,5,126,1,951.04,18.6,0.24
2020-05-06,2020,5,127,2,940.4,18.6,0.24
2020-05-07,2020,5,128,3,957.0,18.7,0.24
2020-05-08,2020,5,129,4,951.27,18.7,0.24
2020-05-09,2020,5,130,5,841.76,18.8,0.21
2020-05-10,2020,5,131,6,857.07,18.8,0.21
2020-05-11,2020,5,132,0,930.13,18.9,0.23
2020-05-12,2020,5,133,1,969.11,19.0,0.24
2020-05-13,2020,5,134,2,979.05,19.0,0.24
2020-05-14,2020,5,135,3,982.01,19.1,0.25
2020-05-15,2020,5,136,4,1005.05,19.1,0.25
2020-05-16,2020,5,137,5,837.24,19.2,0.21
2020-05-17,2020,5,138,6,820.48,19.2,0.21
2020-05-18,2020,5,139,0,950.44,19.2,0.24
2020-05-19,2020,5,140,1,930.21,19.3,0.23
2020-05-20,2020,5,141,2,973.94,19.3,0.24
2020-05-21,2020,5,142,3,986.14,19.4,0.25
2020-05-22,2020,5,143,4,1013.76,19.4,0.25
2020-05-23,2020,5,144,5,829.64,19.5,0.21
2020-05-24,2020,5,145,6,898.31,19.5,0.22
2020-05-25,2020,5,146,0,986.4,19.5,0.25
2020-05-26,2020,5,147,1,975.0,19.6,0.24
2020-05-27,2020,5,148,2,1001.3,19.6,0.25
2020-05-28,2020,5,149,3,961.77,19.6,0.24
2020-05-29,2020,5,150,4,997.43,19.7,0.25
2020-05-30,2020,5,151,5,790.82,19.7,0.2
2020-05-31,2020,5,152,6,860.59,19.7,0.22
2020-06-01,2020,6,153,0,916.43,20.2,0.23
2020-06-02,2020,6,154,1,927.2,20.3,0.23
2020-06-03,2020,6,155,2,933.95,20.4,0.23
2020-06-04,2020,6,156,3,903.44,20.6,0.23
2020-06-05,2020,6,157,4,924.85,20.7,0.23
2020-06-06,2020,6,158,5,857.02,20.9,0.21
2020-06-07,2020,6,159,6,842.7,21.1,0.21
2020-06-08,2020,6,160,0,974.37,21.3,0.24
2020-06-09,2020,6,161,1,1021.4,21.6,0.26
2020-06-10,2020,6,162,2,1038.97,21.8,0.26
2020-06-11,2020,6,163,3,1106.64,22.1,0.28
2020-06-12,2020,6,164,4,1100.88,22.4,0.28
2020-06-13,2020,6,165,5,934.91,22.7,0.23
2020-06-14,2020,6,166,6,929.58,23.0,0.23
2020-06-15,2020,6,167,0,1192.07,23.3,0.3
2020-06-16,2020,6,168,1,1151.77,23.7,0.29
2020-06-17,2020,6,169,2,1148.95,24.0,0.29
2020-06-18,2020,6,170,3,1160.73,24.3,0.29
2020-06-19,2020,6,171,4,1198.58,24.7,0.3
2020-06-20,2020,6,172,5,1056.25,25.0,0.26
2020-06-21,2020,6,173,6,1115.25,25.3,0.28
2020-06-22,2020,6,174,0,1344.83,25.7,0.34
2020-06-23,2020,6,175,1,1381.46,26.0,0.35
2020-06-24,2020,6,176,2,1367.86,26.3,0.34
2020-06-25,2020,6,177,3,1422.23,26.7,0.36
2020-06-26,2020,6,178,4,1509.03,27.0,0.38
2020-06-27,2020,6,179,5,1255.96,27.3,0.31
2020-06-28,2020,6,180,6,1303.12,27.6,0.33
2020-06-29,2020,6,181,0,1419.0,27.9,0.35
2020-06-30,2020,6,182,1,1475.46,28.2,0.37
2020-07-01,2020,7,183,2,1496.15,28.4,0.37
2020-07-02,2020,7,184,3,1426.48,28.7,0.36
2020-07-03,2020,7,185,4,1573.61,28.9,0.39
2020-07-04,2020,7,186,5,1406.0,29.1,0.35
2020-07-05,2020,7,187,6,1341.41,29.3,0.34
2020-07-06,2020,7,188,0,1627.84,29.4,0.41
2020-07-07,2020,7,189,1,1589.28,29.6,0.4
2020-07-08,2020,7,190,2,1617.75,29.7,0.4
2020-07-09,2020,7,191,3,1665.13,29.8,0.42
2020-07-10,2020,7,192,4,1598.59,29.9,0.4
2020-07-11,2020,7,193,5,1463.48,30.0,0.37
2020-07-12,2020,7,194,6,1334.77,30.0,0.33
2020-07-13,2020,7,195,0,1683.37,30.0,0.42
2020-07-14,2020,7,196,1,1641.66,30.0,0.41
2020-07-15,2020,7,197,2,1737.46,30.0,0.43
2020-07-16,2020,7,198,3,1695.97,29.9,0.42
2020-07-17,2020,7,199,4,1547.77,29.8,0.39
2020-07-18,2020,7,200,5,1294.25,29.7,0.32
2020-07-19,2020,7,201,6,1344.76,29.6,0.34
2020-07-20,2020,7,202,0,1593.96,29.4,0.4
2020-07-21,2020,7,203,1,1594.8,29.3,0.4
2020-07-22,2020,7,204,2,1589.23,29.1,0.4
2020-07-23,2020,7,205,3,1601.87,28.9,0.4
2020-07-24,2020,7,206,4,1487.49,28.7,0.37
2020-07-25,2020,7,207,5,1230.77,28.4,0.31
2020-07-26,2020,7,208,6,1292.4,28.2,0.32
2020-07-27,2020,7,209,0,1470.26,27.9,0.37
2020-07-28,2020,7,210,1,1458.21,27.6,0.36
2020-07-29,2020,7,211,2,1410.63,27.3,0.35
2020-07-30,2020,7,212,3,1405.89,27.0,0.35
2020-07-31,2020,7,213,4,1449.5,26.7,0.36
2020-08-01,2020,8,214,5,1101.01,26.3,0.28
2020-08-02,2020,8,215,6,1093.32,26.0,0.27
2020-08-03,2020,8,216,0,1334.17,25.7,0.33
2020-08-04,2020,8,217,1,1342.91,25.3,0.34
2020-08-05,2020,8,218,2,1248.62,25.0,0.31
2020-08-06,2020,8,219,3,1183.8,24.7,0.3
2020-08-07,2020,8,220,4,1132.51,24.3,0.28
2020-08-08,2020,8,221,5,1010.63,24.0,0.25
2020-08-09,2020,8,222,6,945.19,23.7,0.24
2020-08-10,2020,8,223,0,1205.37,23.3,0.3
2020-08-11,2020,8,224,1,1186.43,23.0,0.3
2020-08-12,2020,8,225,2,1093.87,22.7,0.27
2020-08-13,2020,8,226,3,1080.91,22.4,0.27
2020-08-14,2020,8,227,4,1041.65,22.1,0.26
2020-08-15,2020,8,228,5,902.34,21.8,0.23
2020-08-16,2020,8,229,6,857.28,21.6,0.21
2020-08-17,2020,8,230,0,994.03,21.3,0.25
2020-08-18,2020,8,231,1,1016.78,21.1,0.25
2020-08-19,2020,8,232,2,981.1,20.9,0.25
2020-08-20,2020,8,233,3,1011.24,20.7,0.25
2020-08-21,2020,8,234,4,893.21,20.6,0.22
2020-08-22,2020,8,235,5,777.02,20.4,0.19
2020-08-23,2020,8,236,6,761.94,20.3,0.19
2020-08-24,2020,8,237,0,937.7,20.2,0.23
2020-08-25,2020,8,238,1,895.85,20.1,0.22
2020-08-26,2020,8,239,2,921.9,20.0,0.23
2020-08-27,2020,8,240,3,871.58,20.0,0.22
2020-08-28,2020,8,241,4,899.95,20.0,0.22
2020-08-29,2020,8,242,5,820.68,20.0,0.21
2020-08-30,2020,8,243,6,807.53,20.0,0.2
2020-08-31,2020,8,244,0,858.07,20.1,0.21
2020-09-01,2020,9,245,1,940.87,16.5,0.24
2020-09-02,2020,9,246,2,952.16,16.4,0.24
2020-09-03,2020,9,247,3,913.82,16.3,0.23
2020-09-04,2020,9,248,4,895.34,16.2,0.22
2020-09-05,2020,9,249,5,801.33,16.2,0.2
2020-09-06,2020,9,250,6,786.74,16.1,0.2
2020-09-07,2020,9,251,0,936.45,16.0,0.23
2020-09-08,2020,9,252,1,915.22,15.9,0.23
2020-09-09,2020,9,253,2,982.16,15.8,0.25
2020-09-10,2020,9,254,3,891.23,15.7,0.22
2020-09-11,2020,9,255,4,901.12,15.6,0.23
2020-09-12,2020,9,256,5,788.13,15.6,0.2
2020-09-13,2020,9,257,6,791.77,15.5,0.2
2020-09-14,2020,9,258,0,872.22,15.4,0.22
2020-09-15,2020,9,259,1,943.57,15.3,0.24
2020-09-16,2020,9,260,2,866.93,15.2,0.22
2020-09-17,2020,9,261,3,905.13,15.1,0.23
2020-09-18,2020,9,262,4,895.0,15.0,0.22
2020-09-19,2020,9,263,5,750.16,15.0,0.19
2020-09-20,2020,9,264,6,791.05,14.9,0.2
2020-09-21,2020,9,265,0,835.15,14.8,0.21
2020-09-22,2020,9,266,1,877.12,14.7,0.22
2020-09-23,2020,9,267,2,870.91,14.6,0.22
2020-09-24,2020,9,268,3,916.97,14.5,0.23
2020-09-25,2020,9,269,4,933.38,14.4,0.23
2020-09-26,2020,9,270,5,774.33,14.4,0.19
2020-09-27,2020,9,271,6,786.97,14.3,0.2
2020-09-28,2020,9,272,0,827.84,14.2,0.21
2020-09-29,2020,9,273,1,889.77,14.1,0.22
2020-09-30,2020,9,274,2,847.15,14.0,0.21
2020-10-01,2020,10,275,3,872.29,13.9,0.22
2020-10-02,2020,10,276,4,887.08,13.8,0.22
2020-10-03,2020,10,277,5,749.3,13.8,0.19
2020-10-04,2020,10,278,6,776.62,13.7,0.19
2020-10-05,2020,10,279,0,823.89,13.6,0.21
2020-10-06,2020,10,280,1,852.39,13.5,0.21
2020-10-07,2020,10,281,2,833.99,13.4,0.21
2020-10-08,2020,10,282,3,828.37,13.4,0.21
2020-10-09,2020,10,283,4,895.91,13.3,0.22
2020-10-10,2020,10,284,5,741.95,13.2,0.19
2020-10-11,2020,10,285,6,771.02,13.1,0.19
2020-10-12,2020,10,286,0,895.87,13.0,0.22
2020-10-13,2020,10,287,1,865.38,13.0,0.22
2020-10-14,2020,10,288,2,837.05,12.9,0.21
2020-10-15,2020,10,289,3,886.26,12.8,0.22
2020-10-16,2020,10,290,4,841.36,12.7,0.21
2020-10-17,2020,10,291,5,702.84,12.6,0.18
2020-10-18,2020,10,292,6,702.74,12.6,0.18
2020-10-19,2020,10,293,0,858.01,12.5,0.21
2020-10-20,2020,10,294,1,885.88,12.4,0.22
2020-10-21,2020,10,295,2,853.43,12.3,0.21
2020-10-22,2020,10,296,3,881.95,12.3,0.22
2020-10-23,2020,10,297,4,851.67,12.2,0.21
2020-10-24,2020,10,298,5,711.57,12.1,0.18
2020-10-25,2020,10,299,6,778.41,12.1,0.19
2020-10-26,2020,10,300,0,891.53,12.0,0.22
2020-10-27,2020,10,301,1,849.03,11.9,0.21
2020-10-28,2020,10,302,2,821.73,11.9,0.21
2020-10-29,2020,10,303,3,800.88,11.8,0.2
2020-10-30,2020,10,304,4,850.38,11.7,0.21
2020-10-31,2020,10,305,5,707.71,11.7,0.18
2020-11-01,2020,11,306,6,722.13,11.6,0.18
2020-11-02,2020,11,307,0,844.75,11.5,0.21
2020-11-03,2020,11,308,1,846.4,11.5,0.21
2020-11-04,2020,11,309,2,862.91,11.4,0.22
2020-11-05,2020,11,310,3,841.05,11.4,0.21
2020-11-06,2020,11,311,4,814.02,11.3,0.2
2020-11-07,2020,11,312,5,690.02,11.2,0.17
2020-11-08,2020,11,313,6,717.78,11.2,0.18
2020-11-09,2020,11,314,0,802.23,11.1,0.2
2020-11-10,2020,11,315,1,845.7,11.1,0.21
2020-11-11,2020,11,316,2,844.58,11.0,0.21
2020-11-12,2020,11,317,3,824.8,11.0,0.21
2020-11-13,2020,11,318,4,805.59,10.9,0.2
2020-11-14,2020,11,319,5,663.07,10.9,0.17
2020-11-15,2020,11,320,6,676.03,10.8,0.17
2020-11-16,2020,11,321,0,782.1,10.8,0.2
2020-11-17,2020,11,322,1,822.0,10.7,0.21
2020-11-18,2020,11,323,2,809.61,10.7,0.2
2020-11-19,2020,11,324,3,797.05,10.6,0.2
2020-11-20,2020,11,325,4,840.34,10.6,0.21
2020-11-21,2020,11,326,5,698.11,10.6,0.17
2020-11-22,2020,11,327,6,695.78,10.5,0.17
2020-11-23,2020,11,328,0,830.36,10.5,0.21
2020-11-24,2020,11,329,1,841.36,10.4,0.21
2020-11-25,2020,11,330,2,776.12,10.4,0.19
2020-11-26,2020,11,331,3,831.96,10.4,0.21
2020-11-27,2020,11,332,4,769.9,10.3,0.19
2020-11-28,2020,11,333,5,674.99,10.3,0.17
2020-11-29,2020,11,334,6,711.98,10.3,0.18
2020-11-30,2020,11,335,0,829.25,10.3,0.21
2020-12-01,2020,12,336,1,1015.65,5.1,0.25
2020-12-02,2020,12,337,2,1003.2,5.1,0.25
2020-12-03,2020,12,338,3,1042.57,5.2,0.26
2020-12-04,2020,12,339,4,956.68,5.3,0.24
2020-12-05,2020,12,340,5,847.56,5.4,0.21
2020-12-06,2020,12,341,6,859.75,5.5,0.21
2020-12-07,2020,12,342,0,1076.04,5.6,0.27
2020-12-08,2020,12,343,1,1049.91,5.8,0.26
2020-12-09,2020,12,344,2,1055.16,5.9,0.26
2020-12-10,2020,12,345,3,1004.82,6.1,0.25
2020-12-11,2020,12,346,4,1103.35,6.2,0.28
2020-12-12,2020,12,347,5,895.73,6.4,0.22
2020-12-13,2020,12,348,6,861.26,6.6,0.22
2020-12-14,2020,12,349,0,1124.53,6.8,0.28
2020-12-15,2020,12,350,1,1011.33,7.0,0.25
2020-12-16,2020,12,351,2,1034.89,7.2,0.26
2020-12-17,2020,12,352,3,1061.15,7.4,0.27
2020-12-18,2020,12,353,4,1043.12,7.6,0.26
2020-12-19,2020,12,354,5,933.21,7.8,0.23
2020-12-20,2020,12,355,6,931.45,8.0,0.23
2020-12-21,2020,12,356,0,1096.44,8.2,0.27
2020-12-22,2020,12,357,1,1160.95,8.4,0.29
2020-12-23,2020,12,358,2,1050.08,8.6,0.26
2020-12-24,2020,12,359,3,1155.21,8.8,0.29
2020-12-25,2020,12,360,4,1087.46,9.0,0.27
2020-12-26,2020,12,361,5,993.9,9.2,0.25
2020-12-27,2020,12,362,6,1010.96,9.4,0.25
2020-12-28,2020,12,363,0,1207.71,9.6,0.3
2020-12-29,2020,12,364,1,1127.62,9.8,0.28
2020-12-30,2020,12,365,2,1098.5,9.9,0.27
2020-12-31,2020,12,366,3,1155.24,10.1,0.29
2021-01-01,2021,1,1,4,1118.37,9.2,0.28
2021-01-02,2021,1,2,5,905.72,9.4,0.23
2021-01-03,2021,1,3,6,981.44,9.6,0.25
2021-01-04,2021,1,4,0,1102.71,9.8,0.28
2021-01-05,2021,1,5,1,1187.47,9.9,0.3
2021-01-06,2021,1,6,2,1177.11,10.1,0.29
2021-01-07,2021,1,7,3,1141.18,10.2,0.29
2021-01-08,2021,1,8,4,1158.55,10.4,0.29
2021-01-09,2021,1,9,5,981.47,10.5,0.25
2021-01-10,2021,1,10,6,979.52,10.6,0.24
2021-01-11,2021,1,11,0,1282.11,10.7,0.32
2021-01-12,2021,1,12,1,1144.06,10.8,0.29
2021-01-13,2021,1,13,2,1182.49,10.9,0.3
2021-01-14,2021,1,14,3,1218.46,10.9,0.3
2021-01-15,2021,1,15,4,1171.67,11.0,0.29
2021-01-16,2021,1,16,5,989.69,11.0,0.25
2021-01-17,2021,1,17,6,969.06,11.0,0.24
2021-01-18,2021,1,18,0,1229.88,11.0,0.31
2021-01-19,2021,1,19,1,1212.07,11.0,0.3
2021-01-20,2021,1,20,2,1202.05,11.0,0.3
2021-01-21,2021,1,21,3,1129.71,10.9,0.28
2021-01-22,2021,1,22,4,1198.36,10.9,0.3
2021-01-23,2021,1,23,5,1009.12,10.8,0.25
2021-01-24,2021,1,24,6,987.0,10.7,0.25
2021-01-25,2021,1,25,0,1120.15,10.6,0.28
2021-01-26,2021,1,26,1,1161.16,10.5,0.29
2021-01-27,2021,1,27,2,1127.06,10.4,0.28
2021-01-28,2021,1,28,3,1153.66,10.2,0.29
2021-01-29,2021,1,29,4,1146.16,10.1,0.29
2021-01-30,2021,1,30,5,957.68,9.9,0.24
2021-01-31,2021,1,31,6,989.49,9.8,0.25
2021-02-01,2021,2,32,0,1127.47,9.6,0.28
2021-02-02,2021,2,33,1,1142.91,9.4,0.29
2021-02-03,2021,2,34,2,1134.22,9.2,0.28
2021-02-04,2021,2,35,3,1148.77,9.0,0.29
2021-02-05,2021,2,36,4,1077.62,8.8,0.27
2021-02-06,2021,2,37,5,928.85,8.6,0.23
2021-02-07,2021,2,38,6,959.58,8.4,0.24
2021-02-08,2021,2,39,0,1097.76,8.2,0.27
2021-02-09,2021,2,40,1,1123.51,8.0,0.28
2021-02-10,2021,2,41,2,1104.96,7.8,0.28
2021-02-11,2021,2,42,3,1060.4,7.6,0.27
2021-02-12,2021,2,43,4,1096.88,7.4,0.27
2021-02-13,2021,2,44,5,896.22,7.2,0.22
2021-02-14,2021,2,45,6,923.85,7.0,0.23
2021-02-15,2021,2,46,0,1109.04,6.8,0.28
2021-02-16,2021,2,47,1,1078.99,6.6,0.27
2021-02-17,2021,2,48,2,1110.46,6.4,0.28
2021-02-18,2021,2,49,3,985.48,6.2,0.25
2021-02-19,2021,2,50,4,1011.39,6.1,0.25
2021-02-20,2021,2,51,5,862.84,5.9,0.22
2021-02-21,2021,2,52,6,855.36,5.8,0.21
2021-02-22,2021,2,53,0,1025.45,5.6,0.26
2021-02-23,2021,2,54,1,998.89,5.5,0.25
2021-02-24,2021,2,55,2,1039.74,5.4,0.26
2021-02-25,2021,2,56,3,1032.68,5.3,0.26
2021-02-26,2021,2,57,4,1012.58,5.2,0.25
2021-02-27,2021,2,58,5,822.34,5.1,0.21
2021-02-28,2021,2,59,6,860.32,5.1,0.22
2021-03-01,2021,3,60,0,888.04,13.3,0.22
2021-03-02,2021,3,61,1,881.24,13.4,0.22
2021-03-03,2021,3,62,2,874.32,13.5,0.22
2021-03-04,2021,3,63,3,911.86,13.6,0.23
2021-03-05,2021,3,64,4,862.24,13.6,0.22
2021-03-06,2021,3,65,5,738.29,13.7,0.18
2021-03-07,2021,3,66,6,762.82,13.8,0.19
2021-03-08,2021,3,67,0,895.45,13.9,0.22
2021-03-09,2021,3,68,1,905.6,14.0,0.23
2021-03-10,2021,3,69,2,877.08,14.1,0.22
2021-03-11,2021,3,70,3,851.27,14.1,0.21
2021-03-12,2021,3,71,4,854.88,14.2,0.21
2021-03-13,2021,3,72,5,746.23,14.3,0.19
2021-03-14,2021,3,73,6,775.42,14.4,0.19
2021-03-15,2021,3,74,0,913.92,14.5,0.23
2021-03-16,2021,3,75,1,845.61,14.6,0.21
2021-03-17,2021,3,76,2,910.31,14.7,0.23
2021-03-18,2021,3,77,3,895.25,14.7,0.22
2021-03-19,2021,3,78,4,871.12,14.8,0.22
2021-03-20,2021,3,79,5,816.06,14.9,0.2
2021-03-21,2021,3,80,6,773.2,15.0,0.19
2021-03-22,2021,3,81,0,926.58,15.1,0.23
2021-03-23,2021,3,82,1,975.54,15.2,0.24
2021-03-24,2021,3,83,2,891.58,15.3,0.22
2021-03-25,2021,3,84,3,898.22,15.3,0.22
2021-03-26,2021,3,85,4,951.35,15.4,0.24
2021-03-27,2021,3,86,5,745.03,15.5,0.19
2021-03-28,2021,3,87,6,778.56,15.6,0.19
2021-03-29,2021,3,88,0,916.81,15.7,0.23
2021-03-30,2021,3,89,1,943.85,15.8,0.24
2021-03-31,2021,3,90,2,929.95,15.9,0.23
2021-04-01,2021,4,91,3,895.17,15.9,0.22
2021-04-02,2021,4,92,4,948.88,16.0,0.24
2021-04-03,2021,4,93,5,804.95,16.1,0.2
2021-04-04,2021,4,94,6,761.6,16.2,0.19
2021-04-05,2021,4,95,0,907.64,16.3,0.23
2021-04-06,2021,4,96,1,913.69,16.4,0.23
2021-04-07,2021,4,97,2,897.84,16.4,0.22
2021-04-08,2021,4,98,3,961.22,16.5,0.24
2021-04-09,2021,4,99,4,923.96,16.6,0.23
2021-04-10,2021,4,100,5,787.76,16.7,0.2
2021-04-11,2021,4,101,6,770.91,16.8,0.19
2021-04-12,2021,4,102,0,926.53,16.8,0.23
2021-04-13,2021,4,103,1,980.98,16.9,0.25
2021-04-14,2021,4,104,2,961.76,17.0,0.24
2021-04-15,2021,4,105,3,896.42,17.1,0.22
2021-04-16,2021,4,106,4,915.6,17.2,0.23
2021-04-17,2021,4,107,5,818.64,17.2,0.2
2021-04-18,2021,4,108,6,792.53,17.3,0.2
2021-04-19,2021,4,109,0,932.25,17.4,0.23
2021-04-20,2021,4,110,1,924.9,17.5,0.23
2021-04-21,2021,4,111,2,912.86,17.5,0.23
2021-04-22,2021,4,112,3,954.95,17.6,0.24
2021-04-23,2021,4,113,4,942.73,17.7,0.24
2021-04-24,2021,4,114,5,839.5,17.8,0.21
2021-04-25,2021,4,115,6,811.26,17.8,0.2
2021-04-26,2021,4,116,0,929.95,17.9,0.23
2021-04-27,2021,4,117,1,978.96,18.0,0.24
2021-04-28,2021,4,118,2,999.09,18.0,0.25
2021-04-29,2021,4,119,3,940.37,18.1,0.24
2021-04-30,2021,4,120,4,913.69,18.2,0.23
2021-05-01,2021,5,121,5,807.73,18.2,0.2
2021-05-02,2021,5,122,6,787.32,18.3,0.2
2021-05-03,2021,5,123,0,1014.17,18.4,0.25
2021-05-04,2021,5,124,1,927.48,18.4,0.23
2021-05-05,2021,5,125,2,959.42,18.5,0.24
2021-05-06,2021,5,126,3,1012.99,18.6,0.25
2021-05-07,2021,5,127,4,996.63,18.6,0.25
2021-05-08,2021,5,128,5,813.77,18.7,0.2
2021-05-09,2021,5,129,6,808.0,18.7,0.2
2021-05-10,2021,5,130,0,969.23,18.8,0.24
2021-05-11,2021,5,131,1,968.57,18.8,0.24
2021-05-12,2021,5,132,2,1020.47,18.9,0.26
2021-05-13,2021,5,133,3,973.1,19.0,0.24
2021-05-14,2021,5,134,4,939.0,19.0,0.23
2021-05-15,2021,5,135,5,857.28,19.1,0.21
2021-05-16,2021,5,136,6,859.38,19.1,0.21
2021-05-17,2021,5,137,0,974.78,19.2,0.24
2021-05-18,2021,5,138,1,1005.11,19.2,0.25
2021-05-19,2021,5,139,2,984.74,19.2,0.25
2021-05-20,2021,5,140,3,948.45,19.3,0.24
2021-05-21,2021,5,141,4,982.51,19.3,0.25
2021-05-22,2021,5,142,5,809.08,19.4,0.2
2021-05-23,2021,5,143,6,822.56,19.4,0.21
2021-05-24,2021,5,144,0,959.43,19.5,0.24
2021-05-25,2021,5,145,1,997.83,19.5,0.25
2021-05-26,2021,5,146,2,994.2,19.5,0.25
2021-05-27,2021,5,147,3,950.17,19.6,0.24
2021-05-28,2021,5,148,4,962.67,19.6,0.24
2021-05-29,2021,5,149,5,841.96,19.6,0.21
2021-05-30,2021,5,150,6,854.27,19.7,0.21
2021-05-31,2021,5,151,0,993.94,19.7,0.25
2021-06-01,2021,6,152,1,849.12,20.1,0.21
2021-06-02,2021,6,153,2,949.92,20.2,0.24
2021-06-03,2021,6,154,3,970.37,20.3,0.24
2021-06-04,2021,6,155,4,973.8,20.4,0.24
2021-06-05,2021,6,156,5,811.47,20.6,0.2
2021-06-06,2021,6,157,6,824.19,20.7,0.21
2021-06-07,2021,6,158,0,944.11,20.9,0.24
2021-06-08,2021,6,159,1,982.44,21.1,0.25
2021-06-09,2021,6,160,2,958.49,21.3,0.24
2021-06-10,2021,6,161,3,1012.35,21.6,0.25
2021-06-11,2021,6,162,4,982.39,21.8,0.25
2021-06-12,2021,6,163,5,904.14,22.1,0.23
2021-06-13,2021,6,164,6,895.95,22.4,0.22
2021-06-14,2021,6,165,0,1111.49,22.7,0.28
2021-06-15,2021,6,166,1,1114.63,23.0,0.28
2021-06-16,2021,6,167,2,1115.92,23.3,0.28
2021-06-17,2021,6,168,3,1184.51,23.7,0.3
2021-06-18,2021,6,169,4,1138.23,24.0,0.28
2021-06-19,2021,6,170,5,1015.97,24.3,0.25
2021-06-20,2021,6,171,6,1028.99,24.7,0.26
2021-06-21,2021,6,172,0,1284.42,25.0,0.32
2021-06-22,2021,6,173,1,1279.7,25.3,0.32
2021-06-23,2021,6,174,2,1319.57,25.7,0.33
2021-06-24,2021,6,175,3,1356.4,26.0,0.34
2021-06-25,2021,6,176,4,1265.78,26.3,0.32
2021-06-26,2021,6,177,5,1146.7,26.7,0.29
2021-06-27,2021,6,178,6,1205.43,27.0,0.3
2021-06-28,2021,6,179,0,1482.01,27.3,0.37
2021-06-29,2021,6,180,1,1487.87,27.6,0.37
2021-06-30,2021,6,181,2,1544.81,27.9,0.39
2021-07-01,2021,7,182,3,1499.0,28.2,0.37
2021-07-02,2021,7,183,4,1535.27,28.4,0.38
2021-07-03,2021,7,184,5,1298.63,28.7,0.32
2021-07-04,2021,7,185,6,1317.17,28.9,0.33
2021-07-05,2021,7,186,0,1548.23,29.1,0.39
2021-07-06,2021,7,187,1,1577.75,29.3,0.39
2021-07-07,2021,7,188,2,1609.1,29.4,0.4
2021-07-08,2021,7,189,3,1599.19,29.6,0.4
2021-07-09,2021,7,190,4,1643.28,29.7,0.41
2021-07-10,2021,7,191,5,1326.78,29.8,0.33
2021-07-11,2021,7,192,6,1427.46,29.9,0.36
2021-07-12,2021,7,193,0,1672.01,30.0,0.42
2021-07-13,2021,7,194,1,1688.53,30.0,0.42
2021-07-14,2021,7,195,2,1644.07,30.0,0.41
2021-07-15,2021,7,196,3,1640.82,30.0,0.41
2021-07-16,2021,7,197,4,1712.17,30.0,0.43
2021-07-17,2021,7,198,5,1402.83,29.9,0.35
2021-07-18,2021,7,199,6,1486.98,29.8,0.37
2021-07-19,2021,7,200,0,1572.71,29.7,0.39
2021-07-20,2021,7,201,1,1618.97,29.6,0.4
2021-07-21,2021,7,202,2,1563.61,29.4,0.39
2021-07-22,2021,7,203,3,1566.03,29.3,0.39
2021-07-23,2021,7,204,4,1550.16,29.1,0.39
2021-07-24,2021,7,205,5,1315.37,28.9,0.33
2021-07-25,2021,7,206,6,1349.36,28.7,0.34
2021-07-26,2021,7,207,0,1478.12,28.4,0.37
2021-07-27,2021,7,208,1,1536.65,28.2,0.38
2021-07-28,2021,7,209,2,1422.11,27.9,0.36
2021-07-29,2021,7,210,3,1444.95,27.6,0.36
2021-07-30,2021,7,211,4,1495.27,27.3,0.37
2021-07-31,2021,7,212,5,1217.9,27.0,0.3
2021-08-01,2021,8,213,6,1189.11,26.7,0.3
2021-08-02,2021,8,214,0,1387.35,26.3,0.35
2021-08-03,2021,8,215,1,1358.43,26.0,0.34
2021-08-04,2021,8,216,2,1333.63,25.7,0.33
2021-08-05,2021,8,217,3,1336.61,25.3,0.33
2021-08-06,2021,8,218,4,1217.23,25.0,0.3
2021-08-07,2021,8,219,5,1043.63,24.7,0.26
2021-08-08,2021,8,220,6,1043.69,24.3,0.26
2021-08-09,2021,8,221,0,1206.29,24.0,0.3
2021-08-10,2021,8,222,1,1174.63,23.7,0.29
2021-08-11,2021,8,223,2,1175.87,23.3,0.29
2021-08-12,2021,8,224,3,1091.9,23.0,0.27
2021-08-13,2021,8,225,4,1042.5,22.7,0.26
2021-08-14,2021,8,226,5,940.15,22.4,0.24
2021-08-15,2021,8,227,6,888.52,22.1,0.22
2021-08-16,2021,8,228,0,1009.52,21.8,0.25
2021-08-17,2021,8,229,1,1009.74,21.6,0.25
2021-08-18,2021,8,230,2,979.28,21.3,0.24
2021-08-19,2021,8,231,3,1006.4,21.1,0.25
2021-08-20,2021,8,232,4,988.73,20.9,0.25
2021-08-21,2021,8,233,5,815.46,20.7,0.2
2021-08-22,2021,8,234,6,811.39,20.6,0.2
2021-08-23,2021,8,235,0,930.54,20.4,0.23
2021-08-24,2021,8,236,1,949.76,20.3,0.24
2021-08-25,2021,8,237,2,849.76,20.2,0.21
2021-08-26,2021,8,238,3,877.45,20.1,0.22
2021-08-27,2021,8,239,4,904.45,20.0,0.23
2021-08-28,2021,8,240,5,758.25,20.0,0.19
2021-08-29,2021,8,241,6,745.25,20.0,0.19
2021-08-30,2021,8,242,0,920.06,20.0,0.23
2021-08-31,2021,8,243,1,878.95,20.0,0.22
2021-09-01,2021,9,244,2,938.32,16.6,0.23
2021-09-02,2021,9,245,3,934.16,16.5,0.23
2021-09-03,2021,9,246,4,930.73,16.4,0.23
2021-09-04,2021,9,247,5,768.8,16.3,0.19
2021-09-05,2021,9,248,6,782.51,16.2,0.2
2021-09-06,2021,9,249,0,958.4,16.2,0.24
2021-09-07,2021,9,250,1,937.83,16.1,0.23
2021-09-08,2021,9,251,2,947.79,16.0,0.24
2021-09-09,2021,9,252,3,917.37,15.9,0.23
2021-09-10,2021,9,253,4,871.09,15.8,0.22
2021-09-11,2021,9,254,5,768.0,15.7,0.19
2021-09-12,2021,9,255,6,774.01,15.6,0.19
2021-09-13,2021,9,256,0,948.76,15.6,0.24
2021-09-14,2021,9,257,1,942.54,15.5,0.24
2021-09-15,2021,9,258,2,921.45,15.4,0.23
2021-09-16,2021,9,259,3,884.88,15.3,0.22
2021-09-17,2021,9,260,4,910.08,15.2,0.23
2021-09-18,2021,9,261,5,763.17,15.1,0.19
2021-09-19,2021,9,262,6,762.21,15.0,0.19
2021-09-20,2021,9,263,0,868.31,15.0,0.22
2021-09-21,2021,9,264,1,912.57,14.9,0.23
2021-09-22,2021,9,265,2,897.61,14.8,0.22
2021-09-23,2021,9,266,3,918.42,14.7,0.23
2021-09-24,2021,9,267,4,855.9,14.6,0.21
2021-09-25,2021,9,268,5,733.81,14.5,0.18
2021-09-26,2021,9,269,6,841.04,14.4,0.21
2021-09-27,2021,9,270,0,866.76,14.4,0.22
2021-09-28,2021,9,271,1,896.32,14.3,0.22
2021-09-29,2021,9,272,2,898.68,14.2,0.22
2021-09-30,2021,9,273,3,859.33,14.1,0.21
2021-10-01,2021,10,274,4,929.62,14.0,0.23
2021-10-02,2021,10,275,5,748.41,13.9,0.19
2021-10-03,2021,10,276,6,751.88,13.8,0.19
2021-10-04,2021,10,277,0,926.99,13.8,0.23
2021-10-05,2021,10,278,1,856.63,13.7,0.21
2021-10-06,2021,10,279,2,863.06,13.6,0.22
2021-10-07,2021,10,280,3,865.25,13.5,0.22
2021-10-08,2021,10,281,4,836.82,13.4,0.21
2021-10-09,2021,10,282,5,746.65,13.4,0.19
2021-10-10,2021,10,283,6,749.71,13.3,0.19
2021-10-11,2021,10,284,0,872.91,13.2,0.22
2021-10-12,2021,10,285,1,883.67,13.1,0.22
2021-10-13,2021,10,286,2,887.58,13.0,0.22
2021-10-14,2021,10,287,3,872.39,13.0,0.22
2021-10-15,2021,10,288,4,855.88,12.9,0.21
2021-10-16,2021,10,289,5,758.34,12.8,0.19
2021-10-17,2021,10,290,6,715.05,12.7,0.18
2021-10-18,2021,10,291,0,893.67,12.6,0.22
2021-10-19,2021,10,292,1,851.35,12.6,0.21
2021-10-20,2021,10,293,2,874.5,12.5,0.22
2021-10-21,2021,10,294,3,900.24,12.4,0.23
2021-10-22,2021,10,295,4,794.19,12.3,0.2
2021-10-23,2021,10,296,5,718.93,12.3,0.18
2021-10-24,2021,10,297,6,713.19,12.2,0.18
2021-10-25,2021,10,298,0,891.43,12.1,0.22
2021-10-26,2021,10,299,1,836.33,12.1,0.21
2021-10-27,2021,10,300,2,914.55,12.0,0.23
2021-10-28,2021,10,301,3,805.36,11.9,0.2
2021-10-29,2021,10,302,4,851.6,11.9,0.21
2021-10-30,2021,10,303,5,706.99,11.8,0.18
2021-10-31,2021,10,304,6,725.04,11.7,0.18
2021-11-01,2021,11,305,0,824.81,11.7,0.21
2021-11-02,2021,11,306,1,826.49,11.6,0.21
2021-11-03,2021,11,307,2,790.89,11.5,0.2
2021-11-04,2021,11,308,3,838.18,11.5,0.21
2021-11-05,2021,11,309,4,796.83,11.4,0.2
2021-11-06,2021,11,310,5,680.39,11.4,0.17
2021-11-07,2021,11,311,6,709.11,11.3,0.18
2021-11-08,2021,11,312,0,827.97,11.2,0.21
2021-11-09,2021,11,313,1,855.5,11.2,0.21
2021-11-10,2021,11,314,2,795.24,11.1,0.2
2021-11-11,2021,11,315,3,838.32,11.1,0.21
2021-11-12,2021,11,316,4,834.86,11.0,0.21
2021-11-13,2021,11,317,5,695.63,11.0,0.17
2021-11-14,2021,11,318,6,684.28,10.9,0.17
2021-11-15,2021,11,319,0,822.04,10.9,0.21
2021-11-16,2021,11,320,1,844.92,10.8,0.21
2021-11-17,2021,11,321,2,812.98,10.8,0.2
2021-11-18,2021,11,322,3,842.22,10.7,0.21
2021-11-19,2021,11,323,4,813.76,10.7,0.2
2021-11-20,2021,11,324,5,732.79,10.6,0.18
2021-11-21,2021,11,325,6,696.62,10.6,0.17
2021-11-22,2021,11,326,0,813.83,10.6,0.2
2021-11-23,2021,11,327,1,777.89,10.5,0.19
2021-11-24,2021,11,328,2,781.72,10.5,0.2
2021-11-25,2021,11,329,3,825.33,10.4,0.21
2021-11-26,2021,11,330,4,809.77,10.4,0.2
2021-11-27,2021,11,331,5,698.33,10.4,0.17
2021-11-28,2021,11,332,6,677.76,10.3,0.17
2021-11-29,2021,11,333,0,809.82,10.3,0.2
2021-11-30,2021,11,334,1,797.73,10.3,0.2
2021-12-01,2021,12,335,2,1003.11,5.0,0.25
2021-12-02,2021,12,336,3,989.27,5.1,0.25
2021-12-03,2021,12,337,4,1053.56,5.1,0.26
2021-12-04,2021,12,338,5,832.6,5.2,0.21
2021-12-05,2021,12,339,6,881.21,5.3,0.22
2021-12-06,2021,12,340,0,974.51,5.4,0.24
2021-12-07,2021,12,341,1,995.94,5.5,0.25
2021-12-08,2021,12,342,2,988.51,5.6,0.25
2021-12-09,2021,12,343,3,1057.03,5.8,0.26
2021-12-10,2021,12,344,4,1036.7,5.9,0.26
2021-12-11,2021,12,345,5,877.66,6.1,0.22
2021-12-12,2021,12,346,6,884.73,6.2,0.22
2021-12-13,2021,12,347,0,1005.29,6.4,0.25
2021-12-14,2021,12,348,1,1088.75,6.6,0.27
2021-12-15,2021,12,349,2,1094.41,6.8,0.27
2021-12-16,2021,12,350,3,1055.47,7.0,0.26
2021-12-17,2021,12,351,4,1063.01,7.2,0.27
2021-12-18,2021,12,352,5,926.05,7.4,0.23
2021-12-19,2021,12,353,6,908.72,7.6,0.23
2021-12-20,2021,12,354,0,1074.3,7.8,0.27
2021-12-21,2021,12,355,1,1070.73,8.0,0.27
2021-12-22,2021,12,356,2,1081.38,8.2,0.27
2021-12-23,2021,12,357,3,1082.84,8.4,0.27
2021-12-24,2021,12,358,4,1128.38,8.6,0.28
2021-12-25,2021,12,359,5,933.97,8.8,0.23
2021-12-26,2021,12,360,6,935.61,9.0,0.23
2021-12-27,2021,12,361,0,1099.1,9.2,0.27
2021-12-28,2021,12,362,1,1074.44,9.4,0.27
2021-12-29,2021,12,363,2,1182.58,9.6,0.3
2021-12-30,2021,12,364,3,1151.41,9.8,0.29
2021-12-31,2021,12,365,4,1167.81,9.9,0.29
2022-01-01,2022,1,1,5,937.0,9.2,0.23
2022-01-02,2022,1,2,6,998.1,9.4,0.25
2022-01-03,2022,1,3,0,1134.63,9.6,0.28
2022-01-04,2022,1,4,1,1183.52,9.8,0.3
2022-01-05,2022,1,5,2,1137.77,9.9,0.28
2022-01-06,2022,1,6,3,1142.46,10.1,0.29
2022-01-07,2022,1,7,4,1132.67,10.2,0.28
2022-01-08,2022,1,8,5,985.98,10.4,0.25
2022-01-09,2022,1,9,6,995.34,10.5,0.25
2022-01-10,2022,1,10,0,1220.73,10.6,0.31
2022-01-11,2022,1,11,1,1227.26,10.7,0.31
2022-01-12,2022,1,12,2,1180.3,10.8,0.3
2022-01-13,2022,1,13,3,1223.7,10.9,0.31
2022-01-14,2022,1,14,4,1086.8,10.9,0.27
2022-01-15,2022,1,15,5,993.32,11.0,0.25
2022-01-16,2022,1,16,6,1016.27,11.0,0.25
2022-01-17,2022,1,17,0,1219.01,11.0,0.3
2022-01-18,2022,1,18,1,1202.49,11.0,0.3
2022-01-19,2022,1,19,2,1184.72,11.0,0.3
2022-01-20,2022,1,20,3,1168.92,11.0,0.29
2022-01-21,2022,1,21,4,1154.88,10.9,0.29
2022-01-22,2022,1,22,5,1060.7,10.9,0.27
2022-01-23,2022,1,23,6,1034.24,10.8,0.26
2022-01-24,2022,1,24,0,1219.1,10.7,0.3
2022-01-25,2022,1,25,1,1168.78,10.6,0.29
2022-01-26,2022,1,26,2,1144.49,10.5,0.29
2022-01-27,2022,1,27,3,1176.55,10.4,0.29
2022-01-28,2022,1,28,4,1150.05,10.2,0.29
2022-01-29,2022,1,29,5,968.65,10.1,0.24
2022-01-30,2022,1,30,6,966.77,9.9,0.24
2022-01-31,2022,1,31,0,1112.57,9.8,0.28
2022-02-01,2022,2,32,1,1100.17,9.6,0.28
2022-02-02,2022,2,33,2,1116.87,9.4,0.28
2022-02-03,2022,2,34,3,1073.6,9.2,0.27
2022-02-04,2022,2,35,4,1135.05,9.0,0.28
2022-02-05,2022,2,36,5,966.99,8.8,0.24
2022-02-06,2022,2,37,6,916.91,8.6,0.23
2022-02-07,2022,2,38,0,1038.31,8.4,0.26
2022-02-08,2022,2,39,1,1105.62,8.2,0.28
2022-02-09,2022,2,40,2,1094.57,8.0,0.27
2022-02-10,2022,2,41,3,1081.46,7.8,0.27
2022-02-11,2022,2,42,4,1031.71,7.6,0.26
2022-02-12,2022,2,43,5,856.1,7.4,0.21
2022-02-13,2022,2,44,6,949.57,7.2,0.24
2022-02-14,2022,2,45,0,1049.7,7.0,0.26
2022-02-15,2022,2,46,1,1066.51,6.8,0.27
2022-02-16,2022,2,47,2,1042.56,6.6,0.26
2022-02-17,2022,2,48,3,1051.98,6.4,0.26
2022-02-18,2022,2,49,4,993.95,6.2,0.25
2022-02-19,2022,2,50,5,862.38,6.1,0.22
2022-02-20,2022,2,51,6,834.42,5.9,0.21
2022-02-21,2022,2,52,0,985.32,5.8,0.25
2022-02-22,2022,2,53,1,992.55,5.6,0.25
2022-02-23,2022,2,54,2,955.3,5.5,0.24
2022-02-24,2022,2,55,3,992.42,5.4,0.25
2022-02-25,2022,2,56,4,981.65,5.3,0.25
2022-02-26,2022,2,57,5,819.9,5.2,0.2
2022-02-27,2022,2,58,6,844.71,5.1,0.21
2022-02-28,2022,2,59,0,995.45,5.1,0.25
2022-03-01,2022,3,60,1,848.58,13.3,0.21
2022-03-02,2022,3,61,2,924.61,13.4,0.23
2022-03-03,2022,3,62,3,892.35,13.5,0.22
2022-03-04,2022,3,63,4,904.54,13.6,0.23
2022-03-05,2022,3,64,5,737.82,13.6,0.18
2022-03-06,2022,3,65,6,766.52,13.7,0.19
2022-03-07,2022,3,66,0,900.03,13.8,0.23
2022-03-08,2022,3,67,1,854.49,13.9,0.21
2022-03-09,2022,3,68,2,864.94,14.0,0.22
2022-03-10,2022,3,69,3,961.98,14.1,0.24
2022-03-11,2022,3,70,4,875.29,14.1,0.22
2022-03-12,2022,3,71,5,765.69,14.2,0.19
2022-03-13,2022,3,72,6,751.17,14.3,0.19
2022-03-14,2022,3,73,0,913.31,14.4,0.23
2022-03-15,2022,3,74,1,866.07,14.5,0.22
2022-03-16,2022,3,75,2,867.36,14.6,0.22
2022-03-17,2022,3,76,3,926.45,14.7,0.23
2022-03-18,2022,3,77,4,902.94,14.7,0.23
2022-03-19,2022,3,78,5,707.53,14.8,0.18
2022-03-20,2022,3,79,6,766.27,14.9,0.19
2022-03-21,2022,3,80,0,897.57,15.0,0.22
2022-03-22,2022,3,81,1,923.41,15.1,0.23
2022-03-23,2022,3,82,2,914.49,15.2,0.23
2022-03-24,2022,3,83,3,916.72,15.3,0.23
2022-03-25,2022,3,84,4,911.42,15.3,0.23
2022-03-26,2022,3,85,5,780.81,15.4,0.2
2022-03-27,2022,3,86,6,748.64,15.5,0.19
2022-03-28,2022,3,87,0,891.58,15.6,0.22
2022-03-29,2022,3,88,1,892.13,15.7,0.22
2022-03-30,2022,3,89,2,880.26,15.8,0.22
2022-03-31,2022,3,90,3,940.5,15.9,0.24
2022-04-01,2022,4,91,4,950.14,15.9,0.24
2022-04-02,2022,4,92,5,798.12,16.0,0.2
2022-04-03,2022,4,93,6,770.89,16.1,0.19
2022-04-04,2022,4,94,0,910.27,16.2,0.23
2022-04-05,2022,4,95,1,914.53,16.3,0.23
2022-04-06,2022,4,96,2,959.33,16.4,0.24
2022-04-07,2022,4,97,3,944.6,16.4,0.24
2022-04-08,2022,4,98,4,980.06,16.5,0.25
2022-04-09,2022,4,99,5,770.0,16.6,0.19
2022-04-10,2022,4,100,6,789.0,16.7,0.2
2022-04-11,2022,4,101,0,900.7,16.8,0.23
2022-04-12,2022,4,102,1,897.76,16.8,0.22
2022-04-13,2022,4,103,2,934.76,16.9,0.23
2022-04-14,2022,4,104,3,931.17,17.0,0.23
2022-04-15,2022,4,105,4,927.64,17.1,0.23
2022-04-16,2022,4,106,5,765.14,17.2,0.19
2022-04-17,2022,4,107,6,808.06,17.2,0.2
2022-04-18,2022,4,108,0,938.48,17.3,0.23
2022-04-19,2022,4,109,1,974.0,17.4,0.24
2022-04-20,2022,4,110,2,965.09,17.5,0.24
2022-04-21,2022,4,111,3,913.41,17.5,0.23
2022-04-22,2022,4,112,4,963.53,17.6,0.24
2022-04-23,2022,4,113,5,796.01,17.7,0.2
2022-04-24,2022,4,114,6,849.05,17.8,0.21
2022-04-25,2022,4,115,0,955.49,17.8,0.24
2022-04-26,2022,4,116,1,943.21,17.9,0.24
2022-04-27,2022,4,117,2,947.3,18.0,0.24
2022-04-28,2022,4,118,3,917.07,18.0,0.23
2022-04-29,2022,4,119,4,998.36,18.1,0.25
2022-04-30,2022,4,120,5,870.47,18.2,0.22
2022-05-01,2022,5,121,6,776.97,18.2,0.19
2022-05-02,2022,5,122,0,958.06,18.3,0.24
2022-05-03,2022,5,123,1,963.37,18.4,0.24
2022-05-04,2022,5,124,2,950.52,18.4,0.24
2022-05-05,2022,5,125,3,1004.34,18.5,0.25
2022-05-06,2022,5,126,4,1006.41,18.6,0.25
2022-05-07,2022,5,127,5,819.48,18.6,0.2
2022-05-08,2022,5,128,6,877.87,18.7,0.22
2022-05-09,2022,5,129,0,974.42,18.7,0.24
2022-05-10,2022,5,130,1,967.47,18.8,0.24
2022-05-11,2022,5,131,2,983.78,18.8,0.25
2022-05-12,2022,5,132,3,954.77,18.9,0.24
2022-05-13,2022,5,133,4,1020.26,19.0,0.26
2022-05-14,2022,5,134,5,847.22,19.0,0.21
2022-05-15,2022,5,135,6,823.79,19.1,0.21
2022-05-16,2022,5,136,0,975.08,19.1,0.24
2022-05-17,2022,5,137,1,954.73,19.2,0.24
2022-05-18,2022,5,138,2,990.1,19.2,0.25
2022-05-19,2022,5,139,3,945.07,19.2,0.24
2022-05-20,2022,5,140,4,984.18,19.3,0.25
2022-05-21,2022,5,141,5,824.18,19.3,0.21
2022-05-22,2022,5,142,6,852.11,19.4,0.21
2022-05-23,2022,5,143,0,1017.34,19.4,0.25
2022-05-24,2022,5,144,1,1010.55,19.5,0.25
2022-05-25,2022,5,145,2,984.33,19.5,0.25
2022-05-26,2022,5,146,3,967.62,19.5,0.24
2022-05-27,2022,5,147,4,980.45,19.6,0.25
2022-05-28,2022,5,148,5,841.07,19.6,0.21
2022-05-29,2022,5,149,6,854.35,19.6,0.21
2022-05-30,2022,5,150,0,974.32,19.7,0.24
2022-05-31,2022,5,151,1,963.01,19.7,0.24
2022-06-01,2022,6,152,2,914.05,20.1,0.23
2022-06-02,2022,6,153,3,951.89,20.2,0.24
2022-06-03,2022,6,154,4,973.14,20.3,0.24
2022-06-04,2022,6,155,5,808.99,20.4,0.2
2022-06-05,2022,6,156,6,774.72,20.6,0.19
2022-06-06,2022,6,157,0,990.64,20.7,0.25
2022-06-07,2022,6,158,1,938.58,20.9,0.23
2022-06-08,2022,6,159,2,954.33,21.1,0.24
2022-06-09,2022,6,160,3,1004.87,21.3,0.25
2022-06-10,2022,6,161,4,966.89,21.6,0.24
2022-06-11,2022,6,162,5,893.43,21.8,0.22
2022-06-12,2022,6,163,6,887.11,22.1,0.22
2022-06-13,2022,6,164,0,1078.15,22.4,0.27
2022-06-14,2022,6,165,1,1059.65,22.7,0.26
2022-06-15,2022,6,166,2,1136.71,23.0,0.28
2022-06-16,2022,6,167,3,1148.94,23.3,0.29
2022-06-17,2022,6,168,4,1142.69,23.7,0.29
2022-06-18,2022,6,169,5,1031.23,24.0,0.26
2022-06-19,2022,6,170,6,942.38,24.3,0.24
2022-06-20,2022,6,171,0,1243.79,24.7,0.31
2022-06-21,2022,6,172,1,1252.32,25.0,0.31
2022-06-22,2022,6,173,2,1252.01,25.3,0.31
2022-06-23,2022,6,174,3,1315.93,25.7,0.33
2022-06-24,2022,6,175,4,1355.37,26.0,0.34
2022-06-25,2022,6,176,5,1131.78,26.3,0.28
2022-06-26,2022,6,177,6,1175.25,26.7,0.29
2022-06-27,2022,6,178,0,1411.48,27.0,0.35
2022-06-28,2022,6,179,1,1455.28,27.3,0.36
2022-06-29,2022,6,180,2,1516.58,27.6,0.38
2022-06-30,2022,6,181,3,1465.67,27.9,0.37
2022-07-01,2022,7,182,4,1568.66,28.2,0.39
2022-07-02,2022,7,183,5,1250.14,28.4,0.31
2022-07-03,2022,7,184,6,1330.29,28.7,0.33
2022-07-04,2022,7,185,0,1489.14,28.9,0.37
2022-07-05,2022,7,186,1,1591.2,29.1,0.4
2022-07-06,2022,7,187,2,1638.64,29.3,0.41
2022-07-07,2022,7,188,3,1716.56,29.4,0.43
2022-07-08,2022,7,189,4,1633.49,29.6,0.41
2022-07-09,2022,7,190,5,1364.35,29.7,0.34
2022-07-10,2022,7,191,6,1446.56,29.8,0.36
2022-07-11,2022,7,192,0,1660.12,29.9,0.42
2022-07-12,2022,7,193,1,1668.07,30.0,0.42
2022-07-13,2022,7,194,2,1712.06,30.0,0.43
2022-07-14,2022,7,195,3,1721.91,30.0,0.43
2022-07-15,2022,7,196,4,1579.64,30.0,0.39
2022-07-16,2022,7,197,5,1415.87,30.0,0.35
2022-07-17,2022,7,198,6,1408.67,29.9,0.35
2022-07-18,2022,7,199,0,1598.02,29.8,0.4
2022-07-19,2022,7,200,1,1561.98,29.7,0.39
2022-07-20,2022,7,201,2,1627.8,29.6,0.41
2022-07-21,2022,7,202,3,1595.83,29.4,0.4
2022-07-22,2022,7,203,4,1569.02,29.3,0.39
2022-07-23,2022,7,204,5,1344.06,29.1,0.34
2022-07-24,2022,7,205,6,1320.56,28.9,0.33
2022-07-25,2022,7,206,0,1551.87,28.7,0.39
2022-07-26,2022,7,207,1,1603.05,28.4,0.4
2022-07-27,2022,7,208,2,1507.67,28.2,0.38
2022-07-28,2022,7,209,3,1570.21,27.9,0.39
2022-07-29,2022,7,210,4,1517.34,27.6,0.38
2022-07-30,2022,7,211,5,1258.06,27.3,0.31
2022-07-31,2022,7,212,6,1175.0,27.0,0.29
2022-08-01,2022,8,213,0,1375.41,26.7,0.34
2022-08-02,2022,8,214,1,1324.04,26.3,0.33
2022-08-03,2022,8,215,2,1352.01,26.0,0.34
2022-08-04,2022,8,216,3,1306.34,25.7,0.33
2022-08-05,2022,8,217,4,1299.6,25.3,0.32
2022-08-06,2022,8,218,5,1077.61,25.0,0.27
2022-08-07,2022,8,219,6,1051.12,24.7,0.26
2022-08-08,2022,8,220,0,1191.94,24.3,0.3
2022-08-09,2022,8,221,1,1145.32,24.0,0.29
2022-08-10,2022,8,222,2,1139.98,23.7,0.28
2022-08-11,2022,8,223,3,1155.85,23.3,0.29
2022-08-12,2022,8,224,4,1103.11,23.0,0.28
2022-08-13,2022,8,225,5,921.85,22.7,0.23
2022-08-14,2022,8,226,6,929.16,22.4,0.23
2022-08-15,2022,8,227,0,1060.64,22.1,0.27
2022-08-16,2022,8,228,1,981.0,21.8,0.25
2022-08-17,2022,8,229,2,1006.23,21.6,0.25
2022-08-18,2022,8,230,3,966.21,21.3,0.24
2022-08-19,2022,8,231,4,975.32,21.1,0.24
2022-08-20,2022,8,232,5,828.14,20.9,0.21
2022-08-21,2022,8,233,6,820.25,20.7,0.21
2022-08-22,2022,8,234,0,986.22,20.6,0.25
2022-08-23,2022,8,235,1,915.67,20.4,0.23
2022-08-24,2022,8,236,2,913.23,20.3,0.23
2022-08-25,2022,8,237,3,930.36,20.2,0.23
2022-08-26,2022,8,238,4,935.56,20.1,0.23
2022-08-27,2022,8,239,5,745.89,20.0,0.19
2022-08-28,2022,8,240,6,783.59,20.0,0.2
2022-08-29,2022,8,241,0,920.52,20.0,0.23
2022-08-30,2022,8,242,1,899.18,20.0,0.22
2022-08-31,2022,8,243,2,897.9,20.0,0.22
2022-09-01,2022,9,244,3,952.74,16.6,0.24
2022-09-02,2022,9,245,4,942.61,16.5,0.24
2022-09-03,2022,9,246,5,799.25,16.4,0.2
2022-09-04,2022,9,247,6,771.11,16.3,0.19
2022-09-05,2022,9,248,0,878.12,16.2,0.22
2022-09-06,2022,9,249,1,921.77,16.2,0.23
2022-09-07,2022,9,250,2,915.28,16.1,0.23
2022-09-08,2022,9,251,3,933.85,16.0,0.23
2022-09-09,2022,9,252,4,898.49,15.9,0.22
2022-09-10,2022,9,253,5,795.13,15.8,0.2
2022-09-11,2022,9,254,6,788.47,15.7,0.2
2022-09-12,2022,9,255,0,894.42,15.6,0.22
2022-09-13,2022,9,256,1,938.99,15.6,0.23
2022-09-14,2022,9,257,2,902.1,15.5,0.23
2022-09-15,2022,9,258,3,890.84,15.4,0.22
2022-09-16,2022,9,259,4,915.06,15.3,0.23
2022-09-17,2022,9,260,5,770.26,15.2,0.19
2022-09-18,2022,9,261,6,748.32,15.1,0.19
2022-09-19,2022,9,262,0,920.12,15.0,0.23
2022-09-20,2022,9,263,1,901.43,15.0,0.23
2022-09-21,2022,9,264,2,879.57,14.9,0.22
2022-09-22,2022,9,265,3,851.14,14.8,0.21
2022-09-23,2022,9,266,4,908.25,14.7,0.23
2022-09-24,2022,9,267,5,763.14,14.6,0.19
2022-09-25,2022,9,268,6,762.21,14.5,0.19
2022-09-26,2022,9,269,0,928.73,14.4,0.23
2022-09-27,2022,9,270,1,823.75,14.4,0.21
2022-09-28,2022,9,271,2,922.49,14.3,0.23
2022-09-29,2022,9,272,3,923.33,14.2,0.23
2022-09-30,2022,9,273,4,859.39,14.1,0.21
2022-10-01,2022,10,274,5,774.11,14.0,0.19
2022-10-02,2022,10,275,6,731.62,13.9,0.18
2022-10-03,2022,10,276,0,853.08,13.8,0.21
2022-10-04,2022,10,277,1,876.36,13.8,0.22
2022-10-05,2022,10,278,2,925.56,13.7,0.23
2022-10-06,2022,10,279,3,885.38,13.6,0.22
2022-10-07,2022,10,280,4,875.62,13.5,0.22
2022-10-08,2022,10,281,5,761.55,13.4,0.19
2022-10-09,2022,10,282,6,726.7,13.4,0.18
2022-10-10,2022,10,283,0,908.74,13.3,0.23
2022-10-11,2022,10,284,1,909.04,13.2,0.23
2022-10-12,2022,10,285,2,877.78,13.1,0.22
2022-10-13,2022,10,286,3,844.65,13.0,0.21
2022-10-14,2022,10,287,4,891.39,13.0,0.22
2022-10-15,2022,10,288,5,739.28,12.9,0.18
2022-10-16,2022,10,289,6,745.68,12.8,0.19
2022-10-17,2022,10,290,0,888.48,12.7,0.22
2022-10-18,2022,10,291,1,868.97,12.6,0.22
2022-10-19,2022,10,292,2,833.12,12.6,0.21
2022-10-20,2022,10,293,3,893.1,12.5,0.22
2022-10-21,2022,10,294,4,860.62,12.4,0.22
2022-10-22,2022,10,295,5,731.31,12.3,0.18
2022-10-23,2022,10,296,6,736.44,12.3,0.18
2022-10-24,2022,10,297,0,857.28,12.2,0.21
2022-10-25,2022,10,298,1,867.02,12.1,0.22
2022-10-26,2022,10,299,2,851.68,12.1,0.21
2022-10-27,2022,10,300,3,840.84,12.0,0.21
2022-10-28,2022,10,301,4,830.12,11.9,0.21
2022-10-29,2022,10,302,5,705.36,11.9,0.18
2022-10-30,2022,10,303,6,709.1,11.8,0.18
2022-10-31,2022,10,304,0,865.2,11.7,0.22
2022-11-01,2022,11,305,1,830.55,11.7,0.21
2022-11-02,2022,11,306,2,835.03,11.6,0.21
2022-11-03,2022,11,307,3,834.1,11.5,0.21
2022-11-04,2022,11,308,4,848.85,11.5,0.21
2022-11-05,2022,11,309,5,722.98,11.4,0.18
2022-11-06,2022,11,310,6,750.16,11.4,0.19
2022-11-07,2022,11,311,0,797.31,11.3,0.2
2022-11-08,2022,11,312,1,825.31,11.2,0.21
2022-11-09,2022,11,313,2,844.2,11.2,0.21
2022-11-10,2022,11,314,3,786.98,11.1,0.2
2022-11-11,2022,11,315,4,871.11,11.1,0.22
2022-11-12,2022,11,316,5,700.39,11.0,0.18
2022-11-13,2022,11,317,6,685.28,11.0,0.17
2022-11-14,2022,11,318,0,848.95,10.9,0.21
2022-11-15,2022,11,319,1,769.66,10.9,0.19
2022-11-16,2022,11,320,2,828.33,10.8,0.21
2022-11-17,2022,11,321,3,797.74,10.8,0.2
2022-11-18,2022,11,322,4,820.97,10.7,0.21
2022-11-19,2022,11,323,5,705.25,10.7,0.18
2022-11-20,2022,11,324,6,713.3,10.6,0.18
2022-11-21,2022,11,325,0,829.0,10.6,0.21
2022-11-22,2022,11,326,1,869.34,10.6,0.22
2022-11-23,2022,11,327,2,818.92,10.5,0.2
2022-11-24,2022,11,328,3,808.3,10.5,0.2
2022-11-25,2022,11,329,4,846.01,10.4,0.21
2022-11-26,2022,11,330,5,691.67,10.4,0.17
2022-11-27,2022,11,331,6,701.18,10.4,0.18
2022-11-28,2022,11,332,0,717.92,10.3,0.18
2022-11-29,2022,11,333,1,824.56,10.3,0.21
2022-11-30,2022,11,334,2,811.11,10.3,0.2
2022-12-01,2022,12,335,3,981.33,5.0,0.25
2022-12-02,2022,12,336,4,976.18,5.1,0.24
2022-12-03,2022,12,337,5,871.07,5.1,0.22
2022-12-04,2022,12,338,6,798.08,5.2,0.2
2022-12-05,2022,12,339,0,1097.81,5.3,0.27
2022-12-06,2022,12,340,1,1041.19,5.4,0.26
2022-12-07,2022,12,341,2,1021.25,5.5,0.26
2022-12-08,2022,12,342,3,1071.93,5.6,0.27
2022-12-09,2022,12,343,4,1026.93,5.8,0.26
2022-12-10,2022,12,344,5,846.44,5.9,0.21
2022-12-11,2022,12,345,6,900.99,6.1,0.23
2022-12-12,2022,12,346,0,982.86,6.2,0.25
2022-12-13,2022,12,347,1,1057.8,6.4,0.26
2022-12-14,2022,12,348,2,1082.33,6.6,0.27
2022-12-15,2022,12,349,3,1067.47,6.8,0.27
2022-12-16,2022,12,350,4,1010.56,7.0,0.25
2022-12-17,2022,12,351,5,908.75,7.2,0.23
2022-12-18,2022,12,352,6,905.0,7.4,0.23
2022-12-19,2022,12,353,0,1050.8,7.6,0.26
2022-12-20,2022,12,354,1,1005.83,7.8,0.25
2022-12-21,2022,12,355,2,1048.15,8.0,0.26
2022-12-22,2022,12,356,3,1076.31,8.2,0.27
2022-12-23,2022,12,357,4,1135.63,8.4,0.28
2022-12-24,2022,12,358,5,1016.1,8.6,0.25
2022-12-25,2022,12,359,6,967.51,8.8,0.24
2022-12-26,2022,12,360,0,1088.67,9.0,0.27
2022-12-27,2022,12,361,1,1106.01,9.2,0.28
2022-12-28,2022,12,362,2,1161.58,9.4,0.29
2022-12-29,2022,12,363,3,1150.51,9.6,0.29
2022-12-30,2022,12,364,4,1147.4,9.8,0.29
2022-12-31,2022,12,365,5,974.4,9.9,0.24
2023-01-01,2023,1,1,6,986.39,9.2,0.25
2023-01-02,2023,1,2,0,1200.52,9.4,0.3
2023-01-03,2023,1,3,1,1130.03,9.6,0.28
2023-01-04,2023,1,4,2,1139.5,9.8,0.28
2023-01-05,2023,1,5,3,1155.45,9.9,0.29
2023-01-06,2023,1,6,4,1128.13,10.1,0.28
2023-01-07,2023,1,7,5,913.91,10.2,0.23
2023-01-08,2023,1,8,6,998.27,10.4,0.25
2023-01-09,2023,1,9,0,1137.54,10.5,0.28
2023-01-10,2023,1,10,1,1214.56,10.6,0.3
2023-01-11,2023,1,11,2,1179.5,10.7,0.29
2023-01-12,2023,1,12,3,1230.0,10.8,0.31
2023-01-13,2023,1,13,4,1150.15,10.9,0.29
2023-01-14,2023,1,14,5,1039.91,10.9,0.26
2023-01-15,2023,1,15,6,958.22,11.0,0.24
2023-01-16,2023,1,16,0,1220.1,11.0,0.31
2023-01-17,2023,1,17,1,1178.96,11.0,0.29
2023-01-18,2023,1,18,2,1220.81,11.0,0.31
2023-01-19,2023,1,19,3,1173.97,11.0,0.29
2023-01-20,2023,1,20,4,1209.6,11.0,0.3
2023-01-21,2023,1,21,5,1020.94,10.9,0.26
2023-01-22,2023,1,22,6,1014.98,10.9,0.25
2023-01-23,2023,1,23,0,1192.76,10.8,0.3
2023-01-24,2023,1,24,1,1232.22,10.7,0.31
2023-01-25,2023,1,25,2,1148.73,10.6,0.29
2023-01-26,2023,1,26,3,1212.11,10.5,0.3
2023-01-27,2023,1,27,4,1145.0,10.4,0.29
2023-01-28,2023,1,28,5,1013.68,10.2,0.25
2023-01-29,2023,1,29,6,1040.64,10.1,0.26
2023-01-30,2023,1,30,0,1110.97,9.9,0.28
2023-01-31,2023,1,31,1,1060.75,9.8,0.27
2023-02-01,2023,2,32,2,1135.26,9.6,0.28
2023-02-02,2023,2,33,3,1101.71,9.4,0.28
2023-02-03,2023,2,34,4,1102.47,9.2,0.28
2023-02-04,2023,2,35,5,938.42,9.0,0.23
2023-02-05,2023,2,36,6,928.15,8.8,0.23
2023-02-06,2023,2,37,0,1151.61,8.6,0.29
2023-02-07,2023,2,38,1,1135.62,8.4,0.28
2023-02-08,2023,2,39,2,1130.72,8.2,0.28
2023-02-09,2023,2,40,3,1162.18,8.0,0.29
2023-02-10,2023,2,41,4,1055.8,7.8,0.26
2023-02-11,2023,2,42,5,845.1,7.6,0.21
2023-02-12,2023,2,43,6,963.5,7.4,0.24
2023-02-13,2023,2,44,0,1070.57,7.2,0.27
2023-02-14,2023,2,45,1,1054.79,7.0,0.26
2023-02-15,2023,2,46,2,993.78,6.8,0.25
2023-02-16,2023,2,47,3,1002.41,6.6,0.25
2023-02-17,2023,2,48,4,1060.66,6.4,0.27
2023-02-18,2023,2,49,5,874.78,6.2,0.22
2023-02-19,2023,2,50,6,817.61,6.1,0.2
2023-02-20,2023,2,51,0,994.41,5.9,0.25
2023-02-21,2023,2,52,1,1050.6,5.8,0.26
2023-02-22,2023,2,53,2,1053.02,5.6,0.26
2023-02-23,2023,2,54,3,1016.53,5.5,0.25
2023-02-24,2023,2,55,4,1091.9,5.4,0.27
2023-02-25,2023,2,56,5,878.85,5.3,0.22
2023-02-26,2023,2,57,6,896.32,5.2,0.22
2023-02-27,2023,2,58,0,1037.66,5.1,0.26
2023-02-28,2023,2,59,1,1020.62,5.1,0.26
2023-03-01,2023,3,60,2,835.46,13.3,0.21
2023-03-02,2023,3,61,3,830.11,13.4,0.21
2023-03-03,2023,3,62,4,854.1,13.5,0.21
2023-03-04,2023,3,63,5,749.6,13.6,0.19
2023-03-05,2023,3,64,6,745.19,13.6,0.19
2023-03-06,2023,3,65,0,888.11,13.7,0.22
2023-03-07,2023,3,66,1,879.3,13.8,0.22
2023-03-08,2023,3,67,2,894.05,13.9,0.22
2023-03-09,2023,3,68,3,909.18,14.0,0.23
2023-03-10,2023,3,69,4,884.83,14.1,0.22
2023-03-11,2023,3,70,5,746.78,14.1,0.19
2023-03-12,2023,3,71,6,695.32,14.2,0.17
2023-03-13,2023,3,72,0,912.73,14.3,0.23
2023-03-14,2023,3,73,1,870.41,14.4,0.22
2023-03-15,2023,3,74,2,868.36,14.5,0.22
2023-03-16,2023,3,75,3,917.61,14.6,0.23
2023-03-17,2023,3,76,4,920.65,14.7,0.23
2023-03-18,2023,3,77,5,778.52,14.7,0.19
2023-03-19,2023,3,78,6,786.2,14.8,0.2
2023-03-20,2023,3,79,0,871.3,14.9,0.22
2023-03-21,2023,3,80,1,896.29,15.0,0.22
2023-03-22,2023,3,81,2,889.22,15.1,0.22
2023-03-23,2023,3,82,3,952.78,15.2,0.24
2023-03-24,2023,3,83,4,930.92,15.3,0.23
2023-03-25,2023,3,84,5,767.03,15.3,0.19
2023-03-26,2023,3,85,6,793.61,15.4,0.2
2023-03-27,2023,3,86,0,922.55,15.5,0.23
2023-03-28,2023,3,87,1,910.7,15.6,0.23
2023-03-29,2023,3,88,2,928.36,15.7,0.23
2023-03-30,2023,3,89,3,940.56,15.8,0.24
2023-03-31,2023,3,90,4,914.85,15.9,0.23
2023-04-01,2023,4,91,5,752.98,15.9,0.19
2023-04-02,2023,4,92,6,792.02,16.0,0.2
2023-04-03,2023,4,93,0,916.27,16.1,0.23
2023-04-04,2023,4,94,1,893.38,16.2,0.22
2023-04-05,2023,4,95,2,905.4,16.3,0.23
2023-04-06,2023,4,96,3,921.39,16.4,0.23
2023-04-07,2023,4,97,4,930.66,16.4,0.23
2023-04-08,2023,4,98,5,805.09,16.5,0.2
2023-04-09,2023,4,99,6,788.01,16.6,0.2
2023-04-10,2023,4,100,0,947.18,16.7,0.24
2023-04-11,2023,4,101,1,925.61,16.8,0.23
2023-04-12,2023,4,102,2,952.97,16.8,0.24
2023-04-13,2023,4,103,3,950.49,16.9,0.24
2023-04-14,2023,4,104,4,956.7,17.0,0.24
2023-04-15,2023,4,105,5,835.34,17.1,0.21
2023-04-16,2023,4,106,6,795.27,17.2,0.2
2023-04-17,2023,4,107,0,899.91,17.2,0.22
2023-04-18,2023,4,108,1,944.33,17.3,0.24
2023-04-19,2023,4,109,2,971.0,17.4,0.24
2023-04-20,2023,4,110,3,950.12,17.5,0.24
2023-04-21,2023,4,111,4,959.9,17.5,0.24
2023-04-22,2023,4,112,5,767.56,17.6,0.19
2023-04-23,2023,4,113,6,790.29,17.7,0.2
2023-04-24,2023,4,114,0,970.42,17.8,0.24
2023-04-25,2023,4,115,1,978.65,17.8,0.24
2023-04-26,2023,4,116,2,936.12,17.9,0.23
2023-04-27,2023,4,117,3,969.56,18.0,0.24
2023-04-28,2023,4,118,4,939.82,18.0,0.23
2023-04-29,2023,4,119,5,789.1,18.1,0.2
2023-04-30,2023,4,120,6,820.18,18.2,0.21
2023-05-01,2023,5,121,0,970.4,18.2,0.24
2023-05-02,2023,5,122,1,976.83,18.3,0.24
2023-05-03,2023,5,123,2,987.74,18.4,0.25
2023-05-04,2023,5,124,3,1016.46,18.4,0.25
2023-05-05,2023,5,125,4,996.53,18.5,0.25
2023-05-06,2023,5,126,5,815.66,18.6,0.2
2023-05-07,2023,5,127,6,848.83,18.6,0.21
2023-05-08,2023,5,128,0,929.56,18.7,0.23
2023-05-09,2023,5,129,1,976.4,18.7,0.24
2023-05-10,2023,5,130,2,1005.34,18.8,0.25
2023-05-11,2023,5,131,3,995.47,18.8,0.25
2023-05-12,2023,5,132,4,1000.89,18.9,0.25
2023-05-13,2023,5,133,5,878.61,19.0,0.22
2023-05-14,2023,5,134,6,813.35,19.0,0.2
2023-05-15,2023,5,135,0,1002.95,19.1,0.25
2023-05-16,2023,5,136,1,977.79,19.1,0.24
2023-05-17,2023,5,137,2,1014.28,19.2,0.25
2023-05-18,2023,5,138,3,985.83,19.2,0.25
2023-05-19,2023,5,139,4,1006.3,19.2,0.25
2023-05-20,2023,5,140,5,875.28,19.3,0.22
2023-05-21,2023,5,141,6,853.02,19.3,0.21
2023-05-22,2023,5,142,0,979.51,19.4,0.24
2023-05-23,2023,5,143,1,975.61,19.4,0.24
2023-05-24,2023,5,144,2,966.68,19.5,0.24
2023-05-25,2023,5,145,3,1018.73,19.5,0.25
2023-05-26,2023,5,146,4,1027.59,19.5,0.26
2023-05-27,2023,5,147,5,834.78,19.6,0.21
2023-05-28,2023,5,148,6,795.82,19.6,0.2
2023-05-29,2023,5,149,0,971.79,19.6,0.24
2023-05-30,2023,5,150,1,1004.12,19.7,0.25
2023-05-31,2023,5,151,2,963.62,19.7,0.24
2023-06-01,2023,6,152,3,855.89,20.1,0.21
2023-06-02,2023,6,153,4,902.41,20.2,0.23
2023-06-03,2023,6,154,5,735.24,20.3,0.18
2023-06-04,2023,6,155,6,797.9,20.4,0.2
2023-06-05,2023,6,156,0,928.04,20.6,0.23
2023-06-06,2023,6,157,1,952.19,20.7,0.24
2023-06-07,2023,6,158,2,1000.47,20.9,0.25
2023-06-08,2023,6,159,3,950.3,21.1,0.24
2023-06-09,2023,6,160,4,928.21,21.3,0.23
2023-06-10,2023,6,161,5,856.63,21.6,0.21
2023-06-11,2023,6,162,6,884.73,21.8,0.22
2023-06-12,2023,6,163,0,1000.51,22.1,0.25
2023-06-13,2023,6,164,1,1053.62,22.4,0.26
2023-06-14,2023,6,165,2,1075.17,22.7,0.27
2023-06-15,2023,6,166,3,1109.49,23.0,0.28
2023-06-16,2023,6,167,4,1110.63,23.3,0.28
2023-06-17,2023,6,168,5,1060.46,23.7,0.27
2023-06-18,2023,6,169,6,994.9,24.0,0.25
2023-06-19,2023,6,170,0,1211.58,24.3,0.3
2023-06-20,2023,6,171,1,1212.52,24.7,0.3
2023-06-21,2023,6,172,2,1156.75,25.0,0.29
2023-06-22,2023,6,173,3,1335.74,25.3,0.33
2023-06-23,2023,6,174,4,1185.01,25.7,0.3
2023-06-24,2023,6,175,5,1181.25,26.0,0.3
2023-06-25,2023,6,176,6,1111.49,26.3,0.28
2023-06-26,2023,6,177,0,1331.05,26.7,0.33
2023-06-27,2023,6,178,1,1408.62,27.0,0.35
2023-06-28,2023,6,179,2,1533.08,27.3,0.38
2023-06-29,2023,6,180,3,1476.77,27.6,0.37
2023-06-30,2023,6,181,4,1477.83,27.9,0.37
2023-07-01,2023,7,182,5,1253.14,28.2,0.31
2023-07-02,2023,7,183,6,1326.45,28.4,0.33
2023-07-03,2023,7,184,0,1533.83,28.7,0.38
2023-07-04,2023,7,185,1,1603.76,28.9,0.4
2023-07-05,2023,7,186,2,1494.26,29.1,0.37
2023-07-06,2023,7,187,3,1629.32,29.3,0.41
2023-07-07,2023,7,188,4,1633.79,29.4,0.41
2023-07-08,2023,7,189,5,1329.83,29.6,0.33
2023-07-09,2023,7,190,6,1352.44,29.7,0.34
2023-07-10,2023,7,191,0,1643.7,29.8,0.41
2023-07-11,2023,7,192,1,1633.87,29.9,0.41
2023-07-12,2023,7,193,2,1677.63,30.0,0.42
2023-07-13,2023,7,194,3,1594.51,30.0,0.4
2023-07-14,2023,7,195,4,1623.01,30.0,0.41
2023-07-15,2023,7,196,5,1506.11,30.0,0.38
2023-07-16,2023,7,197,6,1377.96,30.0,0.34
2023-07-17,2023,7,198,0,1636.88,29.9,0.41
2023-07-18,2023,7,199,1,1642.23,29.8,0.41
2023-07-19,2023,7,200,2,1628.26,29.7,0.41
2023-07-20,2023,7,201,3,1690.13,29.6,0.42
2023-07-21,2023,7,202,4,1590.57,29.4,0.4
2023-07-22,2023,7,203,5,1398.27,29.3,0.35
2023-07-23,2023,7,204,6,1314.98,29.1,0.33
2023-07-24,2023,7,205,0,1606.55,28.9,0.4
2023-07-25,2023,7,206,1,1541.09,28.7,0.39
2023-07-26,2023,7,207,2,1522.62,28.4,0.38
2023-07-27,2023,7,208,3,1505.03,28.2,0.38
2023-07-28,2023,7,209,4,1510.9,27.9,0.38
2023-07-29,2023,7,210,5,1198.82,27.6,0.3
2023-07-30,2023,7,211,6,1186.98,27.3,0.3
2023-07-31,2023,7,212,0,1499.61,27.0,0.37
2023-08-01,2023,8,213,1,1408.71,26.7,0.35
2023-08-02,2023,8,214,2,1346.87,26.3,0.34
2023-08-03,2023,8,215,3,1361.07,26.0,0.34
2023-08-04,2023,8,216,4,1306.61,25.7,0.33
2023-08-05,2023,8,217,5,1016.58,25.3,0.25
2023-08-06,2023,8,218,6,1073.09,25.0,0.27
2023-08-07,2023,8,219,0,1225.91,24.7,0.31
2023-08-08,2023,8,220,1,1217.46,24.3,0.3
2023-08-09,2023,8,221,2,1152.34,24.0,0.29
2023-08-10,2023,8,222,3,1147.65,23.7,0.29
2023-08-11,2023,8,223,4,1170.29,23.3,0.29
2023-08-12,2023,8,224,5,938.01,23.0,0.23
2023-08-13,2023,8,225,6,911.63,22.7,0.23
2023-08-14,2023,8,226,0,1077.06,22.4,0.27
2023-08-15,2023,8,227,1,1032.98,22.1,0.26
2023-08-16,2023,8,228,2,1059.3,21.8,0.26
2023-08-17,2023,8,229,3,1003.38,21.6,0.25
2023-08-18,2023,8,230,4,1002.96,21.3,0.25
2023-08-19,2023,8,231,5,812.83,21.1,0.2
2023-08-20,2023,8,232,6,787.92,20.9,0.2
2023-08-21,2023,8,233,0,970.98,20.7,0.24
2023-08-22,2023,8,234,1,946.72,20.6,0.24
2023-08-23,2023,8,235,2,947.41,20.4,0.24
2023-08-24,2023,8,236,3,941.74,20.3,0.24
2023-08-25,2023,8,237,4,874.29,20.2,0.22
2023-08-26,2023,8,238,5,775.7,20.1,0.19
2023-08-27,2023,8,239,6,723.39,20.0,0.18
2023-08-28,2023,8,240,0,917.33,20.0,0.23
2023-08-29,2023,8,241,1,873.11,20.0,0.22
2023-08-30,2023,8,242,2,915.92,20.0,0.23
2023-08-31,2023,8,243,3,925.25,20.0,0.23
2023-09-01,2023,9,244,4,917.16,16.6,0.23
2023-09-02,2023,9,245,5,790.54,16.5,0.2
2023-09-03,2023,9,246,6,818.71,16.4,0.2
2023-09-04,2023,9,247,0,881.53,16.3,0.22
2023-09-05,2023,9,248,1,943.85,16.2,0.24
2023-09-06,2023,9,249,2,927.66,16.2,0.23
2023-09-07,2023,9,250,3,949.03,16.1,0.24
2023-09-08,2023,9,251,4,875.53,16.0,0.22
2023-09-09,2023,9,252,5,781.72,15.9,0.2
2023-09-10,2023,9,253,6,806.12,15.8,0.2
2023-09-11,2023,9,254,0,953.72,15.7,0.24
2023-09-12,2023,9,255,1,893.62,15.6,0.22
2023-09-13,2023,9,256,2,905.45,15.6,0.23
2023-09-14,2023,9,257,3,961.83,15.5,0.24
2023-09-15,2023,9,258,4,871.1,15.4,0.22
2023-09-16,2023,9,259,5,770.93,15.3,0.19
2023-09-17,2023,9,260,6,774.7,15.2,0.19
2023-09-18,2023,9,261,0,909.7,15.1,0.23
2023-09-19,2023,9,262,1,878.0,15.0,0.22
2023-09-20,2023,9,263,2,927.77,15.0,0.23
2023-09-21,2023,9,264,3,924.04,14.9,0.23
2023-09-22,2023,9,265,4,947.36,14.8,0.24
2023-09-23,2023,9,266,5,744.13,14.7,0.19
2023-09-24,2023,9,267,6,749.88,14.6,0.19
2023-09-25,2023,9,268,0,922.91,14.5,0.23
2023-09-26,2023,9,269,1,940.46,14.4,0.24
2023-09-27,2023,9,270,2,890.0,14.4,0.22
2023-09-28,2023,9,271,3,847.91,14.3,0.21
2023-09-29,2023,9,272,4,881.28,14.2,0.22
2023-09-30,2023,9,273,5,774.39,14.1,0.19
2023-10-01,2023,10,274,6,766.53,14.0,0.19
2023-10-02,2023,10,275,0,911.67,13.9,0.23
2023-10-03,2023,10,276,1,931.47,13.8,0.23
2023-10-04,2023,10,277,2,867.66,13.8,0.22
2023-10-05,2023,10,278,3,853.64,13.7,0.21
2023-10-06,2023,10,279,4,844.28,13.6,0.21
2023-10-07,2023,10,280,5,740.43,13.5,0.19
2023-10-08,2023,10,281,6,764.52,13.4,0.19
2023-10-09,2023,10,282,0,916.35,13.4,0.23
2023-10-10,2023,10,283,1,875.37,13.3,0.22
2023-10-11,2023,10,284,2,868.52,13.2,0.22
2023-10-12,2023,10,285,3,863.16,13.1,0.22
2023-10-13,2023,10,286,4,896.94,13.0,0.22
2023-10-14,2023,10,287,5,717.29,13.0,0.18
2023-10-15,2023,10,288,6,730.5,12.9,0.18
2023-10-16,2023,10,289,0,858.65,12.8,0.21
2023-10-17,2023,10,290,1,858.49,12.7,0.21
2023-10-18,2023,10,291,2,904.27,12.6,0.23
2023-10-19,2023,10,292,3,833.39,12.6,0.21
2023-10-20,2023,10,293,4,917.85,12.5,0.23
2023-10-21,2023,10,294,5,711.19,12.4,0.18
2023-10-22,2023,10,295,6,706.44,12.3,0.18
2023-10-23,2023,10,296,0,833.84,12.3,0.21
2023-10-24,2023,10,297,1,865.87,12.2,0.22
2023-10-25,2023,10,298,2,847.63,12.1,0.21
2023-10-26,2023,10,299,3,875.14,12.1,0.22
2023-10-27,2023,10,300,4,824.46,12.0,0.21
2023-10-28,2023,10,301,5,681.43,11.9,0.17
2023-10-29,2023,10,302,6,708.38,11.9,0.18
2023-10-30,2023,10,303,0,848.57,11.8,0.21
2023-10-31,2023,10,304,1,803.21,11.7,0.2
2023-11-01,2023,11,305,2,836.35,11.7,0.21
2023-11-02,2023,11,306,3,851.29,11.6,0.21
2023-11-03,2023,11,307,4,816.39,11.5,0.2
2023-11-04,2023,11,308,5,692.59,11.5,0.17
2023-11-05,2023,11,309,6,685.87,11.4,0.17
2023-11-06,2023,11,310,0,829.61,11.4,0.21
2023-11-07,2023,11,311,1,843.47,11.3,0.21
2023-11-08,2023,11,312,2,899.49,11.2,0.22
2023-11-09,2023,11,313,3,858.94,11.2,0.21
2023-11-10,2023,11,314,4,797.51,11.1,0.2
2023-11-11,2023,11,315,5,671.24,11.1,0.17
2023-11-12,2023,11,316,6,700.51,11.0,0.18
2023-11-13,2023,11,317,0,864.83,11.0,0.22
2023-11-14,2023,11,318,1,841.19,10.9,0.21
2023-11-15,2023,11,319,2,810.96,10.9,0.2
2023-11-16,2023,11,320,3,847.82,10.8,0.21
2023-11-17,2023,11,321,4,856.18,10.8,0.21
2023-11-18,2023,11,322,5,728.75,10.7,0.18
2023-11-19,2023,11,323,6,675.11,10.7,0.17
2023-11-20,2023,11,324,0,830.44,10.6,0.21
2023-11-21,2023,11,325,1,787.42,10.6,0.2
2023-11-22,2023,11,326,2,798.37,10.6,0.2
2023-11-23,2023,11,327,3,786.04,10.5,0.2
2023-11-24,2023,11,328,4,810.26,10.5,0.2
2023-11-25,2023,11,329,5,663.71,10.4,0.17
2023-11-26,2023,11,330,6,709.14,10.4,0.18
2023-11-27,2023,11,331,0,814.39,10.4,0.2
2023-11-28,2023,11,332,1,792.97,10.3,0.2
2023-11-29,2023,11,333,2,825.34,10.3,0.21
2023-11-30,2023,11,334,3,850.27,10.3,0.21
2023-12-01,2023,12,335,4,1004.61,5.0,0.25
2023-12-02,2023,12,336,5,831.6,5.1,0.21
2023-12-03,2023,12,337,6,840.87,5.1,0.21
2023-12-04,2023,12,338,0,997.05,5.2,0.25
2023-12-05,2023,12,339,1,981.94,5.3,0.25
2023-12-06,2023,12,340,2,954.66,5.4,0.24
2023-12-07,2023,12,341,3,998.57,5.5,0.25
2023-12-08,2023,12,342,4,1051.92,5.6,0.26
2023-12-09,2023,12,343,5,844.27,5.8,0.21
2023-12-10,2023,12,344,6,819.42,5.9,0.2
2023-12-11,2023,12,345,0,1025.57,6.1,0.26
2023-12-12,2023,12,346,1,1067.79,6.2,0.27
2023-12-13,2023,12,347,2,985.4,6.4,0.25
2023-12-14,2023,12,348,3,1050.73,6.6,0.26
2023-12-15,2023,12,349,4,1063.58,6.8,0.27
2023-12-16,2023,12,350,5,912.54,7.0,0.23
2023-12-17,2023,12,351,6,918.29,7.2,0.23
2023-12-18,2023,12,352,0,1088.15,7.4,0.27
2023-12-19,2023,12,353,1,1023.67,7.6,0.26
2023-12-20,2023,12,354,2,1100.77,7.8,0.28
2023-12-21,2023,12,355,3,1131.71,8.0,0.28
2023-12-22,2023,12,356,4,1085.46,8.2,0.27
2023-12-23,2023,12,357,5,944.16,8.4,0.24
2023-12-24,2023,12,358,6,910.01,8.6,0.23
2023-12-25,2023,12,359,0,1153.1,8.8,0.29
2023-12-26,2023,12,360,1,1094.36,9.0,0.27
2023-12-27,2023,12,361,2,1175.59,9.2,0.29
2023-12-28,2023,12,362,3,1112.23,9.4,0.28
2023-12-29,2023,12,363,4,1152.68,9.6,0.29
2023-12-30,2023,12,364,5,948.56,9.8,0.24
2023-12-31,2023,12,365,6,1021.99,9.9,0.26
2024-01-01,2024,1,1,0,1053.89,9.2,0.26
2024-01-02,2024,1,2,1,1137.52,9.4,0.28
2024-01-03,2024,1,3,2,1059.23,9.6,0.26
2024-01-04,2024,1,4,3,1093.11,9.8,0.27
2024-01-05,2024,1,5,4,1202.83,9.9,0.3
2024-01-06,2024,1,6,5,998.88,10.1,0.25
2024-01-07,2024,1,7,6,919.26,10.2,0.23
2024-01-08,2024,1,8,0,1157.08,10.4,0.29
2024-01-09,2024,1,9,1,1141.52,10.5,0.29
2024-01-10,2024,1,10,2,1188.38,10.6,0.3
2024-01-11,2024,1,11,3,1238.2,10.7,0.31
2024-01-12,2024,1,12,4,1200.22,10.8,0.3
2024-01-13,2024,1,13,5,1016.53,10.9,0.25
2024-01-14,2024,1,14,6,1021.11,10.9,0.26
2024-01-15,2024,1,15,0,1146.49,11.0,0.29
2024-01-16,2024,1,16,1,1211.68,11.0,0.3
2024-01-17,2024,1,17,2,1220.22,11.0,0.31
2024-01-18,2024,1,18,3,1165.6,11.0,0.29
2024-01-19,2024,1,19,4,1163.85,11.0,0.29
2024-01-20,2024,1,20,5,1051.36,11.0,0.26
2024-01-21,2024,1,21,6,1012.09,10.9,0.25
2024-01-22,2024,1,22,0,1140.25,10.9,0.29
2024-01-23,2024,1,23,1,1162.15,10.8,0.29
2024-01-24,2024,1,24,2,1156.98,10.7,0.29
2024-01-25,2024,1,25,3,1166.15,10.6,0.29
2024-01-26,2024,1,26,4,1160.6,10.5,0.29
2024-01-27,2024,1,27,5,976.34,10.4,0.24
2024-01-28,2024,1,28,6,1027.39,10.2,0.26
2024-01-29,2024,1,29,0,1172.55,10.1,0.29
2024-01-30,2024,1,30,1,1188.87,9.9,0.3
2024-01-31,2024,1,31,2,1076.44,9.8,0.27
2024-02-01,2024,2,32,3,1133.47,9.6,0.28
2024-02-02,2024,2,33,4,1164.71,9.4,0.29
2024-02-03,2024,2,34,5,972.86,9.2,0.24
2024-02-04,2024,2,35,6,928.47,9.0,0.23
2024-02-05,2024,2,36,0,1084.55,8.8,0.27
2024-02-06,2024,2,37,1,1136.01,8.6,0.28
2024-02-07,2024,2,38,2,1091.53,8.4,0.27
2024-02-08,2024,2,39,3,1113.97,8.2,0.28
2024-02-09,2024,2,40,4,1091.91,8.0,0.27
2024-02-10,2024,2,41,5,915.43,7.8,0.23
2024-02-11,2024,2,42,6,916.83,7.6,0.23
2024-02-12,2024,2,43,0,1042.06,7.4,0.26
2024-02-13,2024,2,44,1,1116.81,7.2,0.28
2024-02-14,2024,2,45,2,1073.93,7.0,0.27
2024-02-15,2024,2,46,3,1094.71,6.8,0.27
2024-02-16,2024,2,47,4,1028.19,6.6,0.26
2024-02-17,2024,2,48,5,868.9,6.4,0.22
2024-02-18,2024,2,49,6,870.14,6.2,0.22
2024-02-19,2024,2,50,0,1001.73,6.1,0.25
2024-02-20,2024,2,51,1,1044.1,5.9,0.26
2024-02-21,2024,2,52,2,1040.31,5.8,0.26
2024-02-22,2024,2,53,3,998.5,5.6,0.25
2024-02-23,2024,2,54,4,1000.35,5.5,0.25
2024-02-24,2024,2,55,5,865.06,5.4,0.22
2024-02-25,2024,2,56,6,833.34,5.3,0.21
2024-02-26,2024,2,57,0,987.89,5.2,0.25
2024-02-27,2024,2,58,1,1044.46,5.1,0.26
2024-02-28,2024,2,59,2,973.49,5.1,0.24
2024-02-29,2024,2,60,3,978.89,5.0,0.24
2024-03-01,2024,3,61,4,937.5,13.4,0.23
2024-03-02,2024,3,62,5,695.14,13.5,0.17
2024-03-03,2024,3,63,6,717.4,13.6,0.18
2024-03-04,2024,3,64,0,923.93,13.6,0.23
2024-03-05,2024,3,65,1,867.45,13.7,0.22
2024-03-06,2024,3,66,2,893.02,13.8,0.22
2024-03-07,2024,3,67,3,937.47,13.9,0.23
2024-03-08,2024,3,68,4,864.02,14.0,0.22
2024-03-09,2024,3,69,5,738.58,14.1,0.18
2024-03-10,2024,3,70,6,762.58,14.1,0.19
2024-03-11,2024,3,71,0,885.82,14.2,0.22
2024-03-12,2024,3,72,1,875.45,14.3,0.22
2024-03-13,2024,3,73,2,887.52,14.4,0.22
2024-03-14,2024,3,74,3,857.14,14.5,0.21
2024-03-15,2024,3,75,4,906.83,14.6,0.23
2024-03-16,2024,3,76,5,780.63,14.7,0.2
2024-03-17,2024,3,77,6,759.26,14.7,0.19
2024-03-18,2024,3,78,0,893.19,14.8,0.22
2024-03-19,2024,3,79,1,915.7,14.9,0.23
2024-03-20,2024,3,80,2,887.93,15.0,0.22
2024-03-21,2024,3,81,3,895.78,15.1,0.22
2024-03-22,2024,3,82,4,903.91,15.2,0.23
2024-03-23,2024,3,83,5,805.35,15.3,0.2
2024-03-24,2024,3,84,6,771.54,15.3,0.19
2024-03-25,2024,3,85,0,907.56,15.4,0.23
2024-03-26,2024,3,86,1,907.8,15.5,0.23
2024-03-27,2024,3,87,2,903.4,15.6,0.23
2024-03-28,2024,3,88,3,889.04,15.7,0.22
2024-03-29,2024,3,89,4,891.87,15.8,0.22
2024-03-30,2024,3,90,5,801.11,15.9,0.2
2024-03-31,2024,3,91,6,768.97,15.9,0.19
2024-04-01,2024,4,92,0,924.54,16.0,0.23
2024-04-02,2024,4,93,1,910.39,16.1,0.23
2024-04-03,2024,4,94,2,888.32,16.2,0.22
2024-04-04,2024,4,95,3,913.84,16.3,0.23
2024-04-05,2024,4,96,4,967.24,16.4,0.24
2024-04-06,2024,4,97,5,780.59,16.4,0.2
2024-04-07,2024,4,98,6,775.68,16.5,0.19
2024-04-08,2024,4,99,0,921.04,16.6,0.23
2024-04-09,2024,4,100,1,925.18,16.7,0.23
2024-04-10,2024,4,101,2,942.52,16.8,0.24
2024-04-11,2024,4,102,3,926.04,16.8,0.23
2024-04-12,2024,4,103,4,936.39,16.9,0.23
2024-04-13,2024,4,104,5,787.77,17.0,0.2
2024-04-14,2024,4,105,6,809.4,17.1,0.2
2024-04-15,2024,4,106,0,952.42,17.2,0.24
2024-04-16,2024,4,107,1,951.08,17.2,0.24
2024-04-17,2024,4,108,2,964.52,17.3,0.24
2024-04-18,2024,4,109,3,945.16,17.4,0.24
2024-04-19,2024,4,110,4,983.96,17.5,0.25
2024-04-20,2024,4,111,5,819.5,17.5,0.2
2024-04-21,2024,4,112,6,845.52,17.6,0.21
2024-04-22,2024,4,113,0,951.33,17.7,0.24
2024-04-23,2024,4,114,1,962.78,17.8,0.24
2024-04-24,2024,4,115,2,936.76,17.8,0.23
2024-04-25,2024,4,116,3,958.13,17.9,0.24
2024-04-26,2024,4,117,4,982.53,18.0,0.25
2024-04-27,2024,4,118,5,807.31,18.0,0.2
2024-04-28,2024,4,119,6,853.94,18.1,0.21
2024-04-29,2024,4,120,0,963.61,18.2,0.24
2024-04-30,2024,4,121,1,1009.91,18.2,0.25
2024-05-01,2024,5,122,2,934.98,18.3,0.23
2024-05-02,2024,5,123,3,958.54,18.4,0.24
2024-05-03,2024,5,124,4,953.36,18.4,0.24
2024-05-04,2024,5,125,5,848.58,18.5,0.21
2024-05-05,2024,5,126,6,840.48,18.6,0.21
2024-05-06,2024,5,127,0,969.02,18.6,0.24
2024-05-07,2024,5,128,1,959.07,18.7,0.24
2024-05-08,2024,5,129,2,972.68,18.7,0.24
2024-05-09,2024,5,130,3,995.72,18.8,0.25
2024-05-10,2024,5,131,4,1000.05,18.8,0.25
2024-05-11,2024,5,132,5,828.65,18.9,0.21
2024-05-12,2024,5,133,6,819.85,19.0,0.2
2024-05-13,2024,5,134,0,981.63,19.0,0.25
2024-05-14,2024,5,135,1,983.4,19.1,0.25
2024-05-15,2024,5,136,2,987.97,19.1,0.25
2024-05-16,2024,5,137,3,968.11,19.2,0.24
2024-05-17,2024,5,138,4,1033.65,19.2,0.26
2024-05-18,2024,5,139,5,819.98,19.2,0.2
2024-05-19,2024,5,140,6,874.42,19.3,0.22
2024-05-20,2024,5,141,0,1026.09,19.3,0.26
2024-05-21,2024,5,142,1,1013.72,19.4,0.25
2024-05-22,2024,5,143,2,1041.95,19.4,0.26
2024-05-23,2024,5,144,3,1003.7,19.5,0.25
2024-05-24,2024,5,145,4,978.58,19.5,0.24
2024-05-25,2024,5,146,5,827.18,19.5,0.21
2024-05-26,2024,5,147,6,824.01,19.6,0.21
2024-05-27,2024,5,148,0,1014.86,19.6,0.25
2024-05-28,2024,5,149,1,946.62,19.6,0.24
2024-05-29,2024,5,150,2,948.92,19.7,0.24
2024-05-30,2024,5,151,3,1037.38,19.7,0.26
2024-05-31,2024,5,152,4,1022.49,19.7,0.26
2024-06-01,2024,6,153,5,787.08,20.2,0.2
2024-06-02,2024,6,154,6,804.87,20.3,0.2
2024-06-03,2024,6,155,0,951.23,20.4,0.24
2024-06-04,2024,6,156,1,934.07,20.6,0.23
2024-06-05,2024,6,157,2,908.6,20.7,0.23
2024-06-06,2024,6,158,3,1000.08,20.9,0.25
2024-06-07,2024,6,159,4,989.99,21.1,0.25
2024-06-08,2024,6,160,5,808.5,21.3,0.2
2024-06-09,2024,6,161,6,861.02,21.6,0.22
2024-06-10,2024,6,162,0,1011.98,21.8,0.25
2024-06-11,2024,6,163,1,1041.73,22.1,0.26
2024-06-12,2024,6,164,2,1054.91,22.4,0.26
2024-06-13,2024,6,165,3,1104.46,22.7,0.28
2024-06-14,2024,6,166,4,1101.63,23.0,0.28
2024-06-15,2024,6,167,5,928.47,23.3,0.23
2024-06-16,2024,6,168,6,1001.82,23.7,0.25
2024-06-17,2024,6,169,0,1196.95,24.0,0.3
2024-06-18,2024,6,170,1,1153.3,24.3,0.29
2024-06-19,2024,6,171,2,1245.52,24.7,0.31
2024-06-20,2024,6,172,3,1289.83,25.0,0.32
2024-06-21,2024,6,173,4,1276.73,25.3,0.32
2024-06-22,2024,6,174,5,1118.89,25.7,0.28
2024-06-23,2024,6,175,6,1109.02,26.0,0.28
2024-06-24,2024,6,176,0,1290.13,26.3,0.32
2024-06-25,2024,6,177,1,1409.34,26.7,0.35
2024-06-26,2024,6,178,2,1409.51,27.0,0.35
2024-06-27,2024,6,179,3,1456.86,27.3,0.36
2024-06-28,2024,6,180,4,1452.44,27.6,0.36
2024-06-29,2024,6,181,5,1253.54,27.9,0.31
2024-06-30,2024,6,182,6,1288.93,28.2,0.32
2024-07-01,2024,7,183,0,1527.74,28.4,0.38
2024-07-02,2024,7,184,1,1591.36,28.7,0.4
2024-07-03,2024,7,185,2,1550.17,28.9,0.39
2024-07-04,2024,7,186,3,1518.98,29.1,0.38
2024-07-05,2024,7,187,4,1610.82,29.3,0.4
2024-07-06,2024,7,188,5,1321.82,29.4,0.33
2024-07-07,2024,7,189,6,1281.02,29.6,0.32
2024-07-08,2024,7,190,0,1587.95,29.7,0.4
2024-07-09,2024,7,191,1,1629.27,29.8,0.41
2024-07-10,2024,7,192,2,1618.48,29.9,0.4
2024-07-11,2024,7,193,3,1586.49,30.0,0.4
2024-07-12,2024,7,194,4,1655.0,30.0,0.41
2024-07-13,2024,7,195,5,1468.88,30.0,0.37
2024-07-14,2024,7,196,6,1451.53,30.0,0.36
2024-07-15,2024,7,197,0,1663.57,30.0,0.42
2024-07-16,2024,7,198,1,1703.89,29.9,0.43
2024-07-17,2024,7,199,2,1629.18,29.8,0.41
2024-07-18,2024,7,200,3,1598.53,29.7,0.4
2024-07-19,2024,7,201,4,1664.27,29.6,0.42
2024-07-20,2024,7,202,5,1330.88,29.4,0.33
2024-07-21,2024,7,203,6,1376.97,29.3,0.34
2024-07-22,2024,7,204,0,1586.56,29.1,0.4
2024-07-23,2024,7,205,1,1553.05,28.9,0.39
2024-07-24,2024,7,206,2,1529.74,28.7,0.38
2024-07-25,2024,7,207,3,1582.86,28.4,0.4
2024-07-26,2024,7,208,4,1437.09,28.2,0.36
2024-07-27,2024,7,209,5,1273.6,27.9,0.32
2024-07-28,2024,7,210,6,1232.57,27.6,0.31
2024-07-29,2024,7,211,0,1406.33,27.3,0.35
2024-07-30,2024,7,212,1,1414.89,27.0,0.35
2024-07-31,2024,7,213,2,1400.77,26.7,0.35
2024-08-01,2024,8,214,3,1359.16,26.3,0.34
2024-08-02,2024,8,215,4,1345.17,26.0,0.34
2024-08-03,2024,8,216,5,1159.85,25.7,0.29
2024-08-04,2024,8,217,6,1070.56,25.3,0.27
2024-08-05,2024,8,218,0,1272.13,25.0,0.32
2024-08-06,2024,8,219,1,1166.24,24.7,0.29
2024-08-07,2024,8,220,2,1221.35,24.3,0.31
2024-08-08,2024,8,221,3,1113.68,24.0,0.28
2024-08-09,2024,8,222,4,1177.17,23.7,0.29
2024-08-10,2024,8,223,5,948.08,23.3,0.24
2024-08-11,2024,8,224,6,946.92,23.0,0.24
2024-08-12,2024,8,225,0,1039.05,22.7,0.26
2024-08-13,2024,8,226,1,1066.16,22.4,0.27
2024-08-14,2024,8,227,2,1071.19,22.1,0.27
2024-08-15,2024,8,228,3,1045.5,21.8,0.26
2024-08-16,2024,8,229,4,1008.14,21.6,0.25
2024-08-17,2024,8,230,5,843.16,21.3,0.21
2024-08-18,2024,8,231,6,858.91,21.1,0.21
2024-08-19,2024,8,232,0,984.27,20.9,0.25
2024-08-20,2024,8,233,1,932.66,20.7,0.23
2024-08-21,2024,8,234,2,923.0,20.6,0.23
2024-08-22,2024,8,235,3,910.67,20.4,0.23
2024-08-23,2024,8,236,4,920.4,20.3,0.23
2024-08-24,2024,8,237,5,750.34,20.2,0.19
2024-08-25,2024,8,238,6,722.87,20.1,0.18
2024-08-26,2024,8,239,0,899.6,20.0,0.22
2024-08-27,2024,8,240,1,910.11,20.0,0.23
2024-08-28,2024,8,241,2,907.55,20.0,0.23
2024-08-29,2024,8,242,3,932.66,20.0,0.23
2024-08-30,2024,8,243,4,870.42,20.0,0.22
2024-08-31,2024,8,244,5,761.02,20.1,0.19
2024-09-01,2024,9,245,6,756.85,16.5,0.19
2024-09-02,2024,9,246,0,935.97,16.4,0.23
2024-09-03,2024,9,247,1,924.64,16.3,0.23
2024-09-04,2024,9,248,2,912.61,16.2,0.23
2024-09-05,2024,9,249,3,925.53,16.2,0.23
2024-09-06,2024,9,250,4,903.22,16.1,0.23
2024-09-07,2024,9,251,5,759.0,16.0,0.19
2024-09-08,2024,9,252,6,818.7,15.9,0.2
2024-09-09,2024,9,253,0,940.28,15.8,0.24
2024-09-10,2024,9,254,1,911.29,15.7,0.23
2024-09-11,2024,9,255,2,872.43,15.6,0.22
2024-09-12,2024,9,256,3,907.24,15.6,0.23
2024-09-13,2024,9,257,4,927.18,15.5,0.23
2024-09-14,2024,9,258,5,777.32,15.4,0.19
2024-09-15,2024,9,259,6,795.36,15.3,0.2
2024-09-16,2024,9,260,0,939.96,15.2,0.23
2024-09-17,2024,9,261,1,902.66,15.1,0.23
2024-09-18,2024,9,262,2,890.63,15.0,0.22
2024-09-19,2024,9,263,3,888.31,15.0,0.22
2024-09-20,2024,9,264,4,888.88,14.9,0.22
2024-09-21,2024,9,265,5,784.37,14.8,0.2
2024-09-22,2024,9,266,6,752.56,14.7,0.19
2024-09-23,2024,9,267,0,850.01,14.6,0.21
2024-09-24,2024,9,268,1,905.98,14.5,0.23
2024-09-25,2024,9,269,2,889.25,14.4,0.22
2024-09-26,2024,9,270,3,877.79,14.4,0.22
2024-09-27,2024,9,271,4,836.3,14.3,0.21
2024-09-28,2024,9,272,5,780.44,14.2,0.2
2024-09-29,2024,9,273,6,768.33,14.1,0.19
2024-09-30,2024,9,274,0,853.67,14.0,0.21
2024-10-01,2024,10,275,1,886.23,13.9,0.22
2024-10-02,2024,10,276,2,851.99,13.8,0.21
2024-10-03,2024,10,277,3,843.15,13.8,0.21
2024-10-04,2024,10,278,4,822.21,13.7,0.21
2024-10-05,2024,10,279,5,761.9,13.6,0.19
2024-10-06,2024,10,280,6,762.78,13.5,0.19
2024-10-07,2024,10,281,0,864.64,13.4,0.22
2024-10-08,2024,10,282,1,869.64,13.4,0.22
2024-10-09,2024,10,283,2,915.45,13.3,0.23
2024-10-10,2024,10,284,3,848.46,13.2,0.21
2024-10-11,2024,10,285,4,835.82,13.1,0.21
2024-10-12,2024,10,286,5,738.16,13.0,0.18
2024-10-13,2024,10,287,6,746.17,13.0,0.19
2024-10-14,2024,10,288,0,854.45,12.9,0.21
2024-10-15,2024,10,289,1,823.83,12.8,0.21
2024-10-16,2024,10,290,2,839.41,12.7,0.21
2024-10-17,2024,10,291,3,875.37,12.6,0.22
2024-10-18,2024,10,292,4,874.67,12.6,0.22
2024-10-19,2024,10,293,5,690.23,12.5,0.17
2024-10-20,2024,10,294,6,698.84,12.4,0.17
2024-10-21,2024,10,295,0,826.9,12.3,0.21
2024-10-22,2024,10,296,1,850.05,12.3,0.21
2024-10-23,2024,10,297,2,905.57,12.2,0.23
2024-10-24,2024,10,298,3,840.72,12.1,0.21
2024-10-25,2024,10,299,4,848.24,12.1,0.21
2024-10-26,2024,10,300,5,701.36,12.0,0.18
2024-10-27,2024,10,301,6,773.09,11.9,0.19
2024-10-28,2024,10,302,0,827.55,11.9,0.21
2024-10-29,2024,10,303,1,828.59,11.8,0.21
2024-10-30,2024,10,304,2,844.2,11.7,0.21
2024-10-31,2024,10,305,3,805.7,11.7,0.2
2024-11-01,2024,11,306,4,858.15,11.6,0.21
2024-11-02,2024,11,307,5,710.96,11.5,0.18
2024-11-03,2024,11,308,6,692.2,11.5,0.17
2024-11-04,2024,11,309,0,819.41,11.4,0.2
2024-11-05,2024,11,310,1,785.85,11.4,0.2
2024-11-06,2024,11,311,2,818.22,11.3,0.2
2024-11-07,2024,11,312,3,774.29,11.2,0.19
2024-11-08,2024,11,313,4,818.71,11.2,0.2
2024-11-09,2024,11,314,5,694.08,11.1,0.17
2024-11-10,2024,11,315,6,691.25,11.1,0.17
2024-11-11,2024,11,316,0,812.4,11.0,0.2
2024-11-12,2024,11,317,1,805.02,11.0,0.2
2024-11-13,2024,11,318,2,855.47,10.9,0.21
2024-11-14,2024,11,319,3,859.57,10.9,0.21
2024-11-15,2024,11,320,4,818.9,10.8,0.2
2024-11-16,2024,11,321,5,722.85,10.8,0.18
2024-11-17,2024,11,322,6,691.72,10.7,0.17
2024-11-18,2024,11,323,0,813.06,10.7,0.2
2024-11-19,2024,11,324,1,799.31,10.6,0.2
2024-11-20,2024,11,325,2,836.03,10.6,0.21
2024-11-21,2024,11,326,3,833.3,10.6,0.21
2024-11-22,2024,11,327,4,785.75,10.5,0.2
2024-11-23,2024,11,328,5,697.51,10.5,0.17
2024-11-24,2024,11,329,6,682.84,10.4,0.17
2024-11-25,2024,11,330,0,793.27,10.4,0.2
2024-11-26,2024,11,331,1,814.06,10.4,0.2
2024-11-27,2024,11,332,2,767.22,10.3,0.19
2024-11-28,2024,11,333,3,802.91,10.3,0.2
2024-11-29,2024,11,334,4,859.02,10.3,0.21
2024-11-30,2024,11,335,5,699.57,10.3,0.17
2024-12-01,2024,12,336,6,817.59,5.1,0.2
2024-12-02,2024,12,337,0,1014.31,5.1,0.25
2024-12-03,2024,12,338,1,1002.83,5.2,0.25
2024-12-04,2024,12,339,2,993.39,5.3,0.25
2024-12-05,2024,12,340,3,988.66,5.4,0.25
2024-12-06,2024,12,341,4,1010.06,5.5,0.25
2024-12-07,2024,12,342,5,846.68,5.6,0.21
2024-12-08,2024,12,343,6,861.26,5.8,0.22
2024-12-09,2024,12,344,0,1045.98,5.9,0.26
2024-12-10,2024,12,345,1,1053.47,6.1,0.26
2024-12-11,2024,12,346,2,993.39,6.2,0.25
2024-12-12,2024,12,347,3,1024.49,6.4,0.26
2024-12-13,2024,12,348,4,1095.14,6.6,0.27
2024-12-14,2024,12,349,5,941.15,6.8,0.24
2024-12-15,2024,12,350,6,908.04,7.0,0.23
2024-12-16,2024,12,351,0,1113.89,7.2,0.28
2024-12-17,2024,12,352,1,1107.39,7.4,0.28
2024-12-18,2024,12,353,2,1070.48,7.6,0.27
2024-12-19,2024,12,354,3,1016.07,7.8,0.25
2024-12-20,2024,12,355,4,1084.81,8.0,0.27
2024-12-21,2024,12,356,5,893.09,8.2,0.22
2024-12-22,2024,12,357,6,937.57,8.4,0.23
2024-12-23,2024,12,358,0,1162.05,8.6,0.29
2024-12-24,2024,12,359,1,1118.0,8.8,0.28
2024-12-25,2024,12,360,2,1088.78,9.0,0.27
2024-12-26,2024,12,361,3,1080.87,9.2,0.27
2024-12-27,2024,12,362,4,1058.8,9.4,0.26
2024-12-28,2024,12,363,5,905.34,9.6,0.23
2024-12-29,2024,12,364,6,1011.03,9.8,0.25
2024-12-30,2024,12,365,0,1167.45,9.9,0.29
2024-12-31,2024,12,366,1,1139.49,10.1,0.28
